,sample_lib,CL from Air Table,CL from Consolidated Data
0,1205LU-3_Unknown,,
1,1205lu-1_Unknown,,
2,1205lu-2_Unknown,,
3,1641_Mel,BI-112022,
4,1917_Mel,BI-112022,
5,1918_MIS,BI-112022,
6,1919_Nevus,BI-112022,
7,1921_Mel,BI-112022,
8,1922_Nevus,BI-112022,
9,1926_Mel,BI-112022,
10,1927_MIS,BI-112022,
11,1928_Nevus,BI-112022,
12,1930_Normal,BI-112022,
13,1931_Mel,BI-112022,
14,1932_MIS,BI-112022,
15,1933_Nevus,BI-112022,
16,1944_Mel,BI-112022,
17,1945_Nevus,BI-112022,
18,1946_Normal,BI-112022,
19,1947_Melanocytoma,BI-112022,
20,1948_Nevus,BI-112022,
21,1949_1956_Normal,BI-112022,
22,1951_Mel,BI-112022,
23,1952_Nevus,BI-112022,
24,1953_Normal,BI-112022,
25,1954_MIS,BI-112022,
26,1955_Normal,BI-112022,
27,1958_Normal,BI-112022,
28,2036_Normal,BI-112022,
29,2038_Mel,BI-112022,
30,2039_Mel,BI-112022,
31,2040_Mel,BI-112022,
32,2041_Normal,BI-112022,
33,2043_Mel,BI-082023,
34,2044_Mel,BI-082023,
35,2045_Mel,BI-082023,
36,2046_Normal,BI-082023,
37,2047_Mel,BI-082023,
38,2048_Mel,BI-082023,
39,2049_Mel,BI-082023,
40,2050_Normal,BI-082023,
41,2051_Mel,BI-082023,
42,2052_Mel,BI-082023,
43,2053_Mel,BI-082023,
44,2054_Normal,BI-082023,
45,2180_Mel1,BI-032023,
46,2181_Mel2,BI-032023,
47,2182_Nevus,BI-032023,
48,2183_Normal,BI-032023,
49,2184_Mel,BI-032023,
50,2185_Nevus,BI-032023,
51,2186_Normal,BI-032023,
52,2187_Mel,BI-032023,
53,2188_Nevus,BI-032023,
54,2189_Normal,BI-032023,
55,2190_Mel,BI-032023,
56,2191_Nevus,BI-032023,
57,2192_Normal,BI-032023,
58,2196_Mel,BI-032023,
59,2197_MIS,BI-032023,
60,2198_Nevus,BI-032023,
61,2199_Normal,BI-032023,
62,21_5,BB5_CL,
63,2200_Mel,BI-032023,
64,2201_MIS,BI-032023,
65,2202_Nevus,BI-032023,
66,2203_Normal,BI-032023,
67,2204_Mel,BI-032023,
68,2205_Nevus,BI-032023,
69,2207_MIS,BI-032023,
70,2208_Nevus,BI-032023,
71,2209_PRAME-positive_Nevus,BI-032023,
72,2210_Normal,BI-032023,
73,2211_Mel,BI-032023,
74,2212_MIS,BI-032023,
75,2213_Nevus,BI-032023,
76,2214_Normal,BI-032023,
77,2215_Mel,BI-032023,
78,2216_Nevus,BI-032023,
79,2217_Regressed-Area,BI-032023,
80,2218_Normal,BI-032023,
81,2219_Mel,BI-032023,
82,2220_MIS,BI-032023,
83,2221_Nevus,BI-032023,
84,2222_Normal,BI-032023,
85,2223_Mel1,BI-032023,
86,2224_Mel2,BI-032023,
87,2225_Nevus,BI-032023,
88,2227_Mel,BI-032023,
89,2228_Nevus,BI-032023,
90,2229_Normal,BI-032023,
91,2230_Mel,BI-032023,
92,2231_MIS,BI-032023,
93,2232_Nevus,BI-032023,
94,2233_Normal,BI-032023,
95,2234_Mel,BI-032023,
96,2235_Nevus,BI-032023,
97,2236_Normal,BI-032023,
98,2237_MIS,BI-032023,
99,2238_Mel,BI-032023,
100,2239_Nevus,BI-032023,
101,2240_Normal,BI-032023,
102,2241_Normal,BI-032023,
103,2242_Normal,BI-032023,
104,2243_MIS,BI-032023,
105,2244_Nevus,BI-032023,
106,2245_Normal,BI-032023,
107,2268_Met1-2269_Met2,BI-082023,
108,2270_Normal,BI-082023,
109,2287_Mel,BI-082023,
110,2288_Melanocytoma,BI-082023,
111,2289_Normal,BI-082023,
112,2290_Mel,BI-082023,
113,2291_Nevus,BI-082023,
114,2292_Mel,BI-082023,
115,2293_Normal,BI-082023,
116,2294_Mel,BI-082023,
117,2295_MIS,BI-082023,
118,2296_Nevus,BI-082023,
119,2297_Mel,BI-082023,
120,2298_Normal,BI-082023,
121,2299_Mel,BI-082023,
122,2300_Nevus,BI-082023,
123,2301_Normal,BI-082023,
124,2443_Mel,BI-082023,
125,2444_MIS,BI-082023,
126,2445_Nevus,BI-082023,
127,2446_Normal,BI-082023,
128,2447_Mel,BI-082023,
129,2448_Nevus,BI-082023,
130,2449_Normal,BI-082023,
131,2450_Normal,BI-082023,
132,2451_MIS,BI-082023,
133,2452_Invasive,BI-082023,
134,2456_Tumor,BI-082023,
135,2457_Tumor,BI-082023,
136,2459_MIS,BI-082023,
137,2460_Nevus,BI-082023,
138,2461_Normal,BI-082023,
139,2463_Melanoma-Cell-Line,BI-082023,
140,2465_Cell-Line,BI-082023,
141,2466_Cell-Line,BI-082023,
142,2467_Melanoma-Cell-Line,BI-082023,
143,2468_Melanoma-Cell-Line,BI-082023,
144,2494_Invasive,BI-082023,
145,2495_MIS,BI-082023,
146,2496_Normal,BI-082023,
147,2497_Invasive,BI-082023,
148,2498_MIS,BI-082023,
149,2499_Normal_flag,BI-082023,
150,24_5_Norm,BB5_CL,
151,2500_Invasive,BI-082023,
152,2501_MIS,BI-082023,
153,2502_Normal,BI-082023,
154,2503_Invasive,BI-082023,
155,2504_MIS,BI-082023,
156,2505_Normal,BI-082023,
157,26,,
158,28_1,BB5_CL,
159,28_2,BB5_CL,
160,28_3,BB5_CL,
161,28_4,BB5_CL,
162,28_5,BB5_CL,
163,892_Mel,BI-112022,
164,893_Nevus,BI-112022,
165,894_Normal,BI-112022,
166,AGLP-01,AGEX-01,
167,AGLP-02,AGEX-01,
168,AGLP-03,,
169,AGLP-04,,
170,AM-15-Tumor,BB89_CL,
171,AM-16-Tumor,BB89_CL,
172,AM-17-Tumor,BB89_CL,
173,AM-18-Tumor,BB89_CL,
174,AM-19-Tumor,BB89_CL,
175,AM-20-Tumor,BB89_CL,
176,AM-21-Tumor,BB89_CL,
177,AM-22-Tumor,BB89_CL,
178,AM-23-Tumor,BB89_CL,
179,AM-24-Tumor,BB89_CL,
180,AM-25-Tumor,BB89_CL,
181,AM-26-Tumor,BB89_CL,
182,AM-27-Tumor,BB90_CL,
183,AM-28-Tumor,BB90_CL,
184,AM-29-Tumor,BB90_CL,
185,AM-30-Tumor,BB90_CL,
186,AM-31-Tumor,BB90_CL,
187,AM-32-Tumor,BB90_CL,
188,AMLP-100,,
189,AMLP-101,,
190,AMLP-106,,
191,AMLP-115,,
192,AMLP-116,,
193,AMLP-118,,
194,AMLP-119,,
195,AMLP-120,,
196,AMLP-122,,
197,AMLP-124,,
198,AMLP-144,,
199,AMLP-154,,
200,AMLP-155,,
201,AMLP-157,,
202,AMLP-158,,
203,AMLP-159,,
204,AMLP-187,,
205,AMLP-188,,
206,AMLP-189,,
207,AMLP-190,,
208,AMLP-20_1,,
209,AMLP-20_2,,
210,AMLP-212,,
211,AMLP-213,,
212,AMLP-228,,
213,AMLP-229,,
214,AMLP-230,,
215,AMLP-232,,
216,AMLP-233,,
217,AMLP-234,,
218,AMLP-235,,
219,AMLP-236,,
220,AMLP-23_1,,
221,AMLP-23_2,,
222,AMLP-242,,
223,AMLP-243,,
224,AMLP-246,,
225,AMLP-24_1,,
226,AMLP-24_2,,
227,AMLP-25,,
228,AMLP-251,,
229,AMLP-253,,
230,AMLP-258,,
231,AMLP-26,,
232,AMLP-260,,
233,AMLP-27,,
234,AMLP-28,,
235,AMLP-294,,
236,AMLP-309,,
237,AMLP-31,,
238,AMLP-32,,
239,AMLP-328,,
240,AMLP-329,,
241,AMLP-33,,
242,AMLP-333,,
243,AMLP-334,,
244,AMLP-335,,
245,AMLP-336,,
246,AMLP-337,,
247,AMLP-338,,
248,AMLP-34,,
249,AMLP-35,,
250,AMLP-351,,
251,AMLP-356,,
252,AMLP-357,,
253,AMLP-358,,
254,AMLP-359,,
255,AMLP-36,,
256,AMLP-360,,
257,AMLP-361,,
258,AMLP-365,,
259,AMLP-368,,
260,AMLP-37,,
261,AMLP-370,,
262,AMLP-370-1,,
263,AMLP-370-2,,
264,AMLP-371,,
265,AMLP-374,,
266,AMLP-375,,
267,AMLP-38,,
268,AMLP-380,,
269,AMLP-382,,
270,AMLP-385,,
271,AMLP-39,,
272,AMLP-393,,
273,AMLP-394,,
274,AMLP-40,,
275,AMLP-42,,
276,AMLP-425,,
277,AMLP-426,,
278,AMLP-427,,
279,AMLP-428,,
280,AMLP-429,,
281,AMLP-43,,
282,AMLP-430,,
283,AMLP-431,,
284,AMLP-432,,
285,AMLP-433,,
286,AMLP-436,,
287,AMLP-441,,
288,AMLP-442,,
289,AMLP-446,,
290,AMLP-447,,
291,AMLP-448,,
292,AMLP-449,,
293,AMLP-452,,
294,AMLP-459,,
295,AMLP-467,,
296,AMLP-485,,
297,AMLP-489,,
298,AMLP-490,,
299,AMLP-494,,
300,AMLP-495,,
301,AMLP-496,,
302,AMLP-497,,
303,AMLP-498,,
304,AMLP-499,,
305,AMLP-500,,
306,AMLP-501,,
307,AMLP-502,,
308,AMLP-503,,
309,AMLP-504,,
310,AMLP-505,,
311,AMLP-506,,
312,AMLP-507,,
313,AMLP-508,,
314,AMLP-509,,
315,AMLP-510,,
316,AMLP-511,,
317,AMLP-512,,
318,AMLP-513,,
319,AMLP-514,,
320,AMLP-515,,
321,AMLP-516,,
322,AMLP-517,,
323,AMLP-518,,
324,AMLP-519,,
325,AMLP-520,,
326,AMLP-522,,
327,AMLP-523,,
328,AMLP-524,,
329,AMLP-525,,
330,AMLP-526,,
331,AMLP-536,,
332,AMLP-538,,
333,AMLP-539,,
334,AMLP-543,,
335,AMLP-545,,
336,AMLP-546,,
337,AMLP-547,,
338,AMLP-548,,
339,AMLP-550,,
340,AMLP-551,,
341,AMLP-555,,
342,AMLP-557,,
343,AMLP-56,,
344,AMLP-561,,
345,AMLP-564,,
346,AMLP-565,,
347,AMLP-568,,
348,AMLP-569,,
349,AMLP-57,,
350,AMLP-570,,
351,AMLP-571,,
352,AMLP-572,,
353,AMLP-581,,
354,AMLP-582,,
355,AMLP-59,,
356,AMLP-60,,
357,AMLP-62,,
358,AMLP-63,,
359,AMLP-65,,
360,AMLP-67,,
361,AMLP-70,,
362,AMLP-71,,
363,AMLP-72,,
364,AMLP-73,,
365,AMLP-74,,
366,AMLP-79,,
367,AMLP-86,,
368,AMLP-94,,
369,AMLP-98,,
370,Acral 11 Cntl,,BB54_CL
371,Acral_11_Tumor,,BB48_CL
372,BB008_HW2TC,BB8_CL,BB8_CL
373,Buffy Coa,,
374,Buffy Coat,,
375,Buffy_Coat,BB2_CL,
376,CCRLP-0001,SGPC-23,
377,CCRLP-0002,SGPC-23,
378,CCRLP-0003,SGPC-23,
379,CCRLP-0004,SGPC-23,
380,CCRLP-0005,SGPC-23,
381,CCRLP-0006,SGPC-23,
382,CCRLP-0007,SGPC-23,
383,CCRLP-0008,SGPC-23,
384,CCRLP-0009,SGPC-23,
385,CCRLP-0010,SGPC-23,
386,CCRLP-0011,SGPC-23,
387,CCRLP-0012,SGPC-23,
388,CCRLP-0013,SGPC-23,
389,CCRLP-0015,SGPC-23,
390,CCRLP-0019,SGPC-23,
391,CCRLP-0020,SGPC-23,
392,CCRLP-0021,SGPC-23,
393,CCRLP-0022,SGPC-23,
394,CCRLP-0023,SGPC-23,
395,CCRLP-0024,SGPC-23,
396,CCRLP-0025,SGPC-23,
397,CCRLP-0026,SGPC-23,
398,CCRLP-0027,SGPC-23,
399,CCRLP-0028,SGPC-23,
400,CCRLP-0029,SGPC-23,
401,CCRLP-0030,SGPC-23,
402,CCRLP-0031,SGPC-23,
403,CCRLP-0032,,
404,CCRLP-0034,SGPC-23,
405,CCRLP-0035,SGPC-23,
406,CCRLP-0037,SGPC-23,
407,CCRLP-0038,SGPC-23,
408,CCRLP-0039,SGPC-23,
409,CCRLP-0040,,
410,CCRLP-0041,SGPC-23,
411,CCRLP-0042,,
412,CCRLP-0043,SGPC-23,
413,CCRLP-0044,SGPC-23,
414,CCRLP-0045,"SGPC-19,SGPC-23",
415,CCRLP-0046,"SGPC-19,SGPC-23",
416,CCRLP-0047,"SGPC-19,SGPC-23",
417,CCRLP-0048,"SGPC-19,SGPC-23",
418,CCRLP-0049,"SGPC-19,SGPC-23",
419,CCRLP-0050,"SGPC-19,SGPC-23",
420,CCRLP-0051,SGPC-23,
421,CCRLP-0052,SGPC-23,
422,CCRLP-0053,SGPC-23,
423,CCRLP-0054,SGPC-23,
424,CCRLP-0055 (DO NOT USE),,
425,CCRLP-0056 (DO NOT USE),,
426,CCRLP-0057 (DO NOT USE),,
427,CCRLP-0058 (DO NOT USE),,
428,CCRLP-0059,SGPC-23,
429,CCRLP-0060,SGPC-23,
430,CGH11-051,BB53_CL,
431,CGH11-275,,
432,CGH11-399,,
433,CGH11-402,,
434,CGP-1481,CL_87,
435,CGP-1482,CL_87,
436,CGP-1483,CL_87,
437,CGP-1544,CL_92,
438,CGP-1545,CL_92,
439,CGP-1546,CL_92,
440,CGP-1547,CL_92,
441,CGP-1548,CL_92,
442,CGP-1549,CL_92,
443,CGP-1550,CL_91,
444,CGP-1551,CL_91,
445,CGP-1552,CL_91,
446,CGP-1553,CL_92,
447,CGP-1554,CL_92,
448,CGP-1555,CL_92,
449,CGP-1556,CL_92,
450,CGP-1557,CL_92,
451,CGP-1558,CL_92,
452,CGP-1559,CL_92,
453,CGP-1560,CL_92,
454,CGP-1561,CL_92,
455,CGP-1575,CL_95,
456,CGP-1576,CL_95,
457,CGP-1577,CL_95,
458,CGP-583,CL_59,
459,CGP-584,CL_59,
460,CGP-585,CL_66,
461,CGP-586,CL_66,
462,CGP-587,CL_66,
463,CGP-600,CL_36,
464,CGP-601,CL_36,
465,CGP-602,CL_36,
466,CGP-603,CL_36,
467,CGP-604,CL_36,
468,CGP-605,CL_36,
469,CGP-606,CL_37,
470,CGP-607,CL_37,
471,CGP-608,CL_37,
472,CGP-609,CL_37,
473,CGP-610,CL_37,
474,CGP-611,CL_37,
475,CGP-612,CL_37,
476,CGP-613,CL_37,
477,CGP-614,CL_37,
478,CGP-615,CL_37,
479,CGP-616,CL_37,
480,CGP-617,CL_37,
481,CGP-618,CL_37,
482,CGP-619,CL_37,
483,CGP-620,CL_37,
484,CGP-664,CL_41,
485,CGP-665,CL_41,
486,CGP-666,CL_41,
487,CGP-667,CL_41,
488,CGP-668,CL_41,
489,CGP-669,CL_41,
490,CGP-672,CL_41,
491,CGP-673,CL_41,
492,CGP-674,CL_41,
493,CGP-675,CL_41,
494,CGP-676,CL_41,
495,CGP-677,CL_41,
496,CGP-678,CL_41,
497,CGP-679,CL_51,
498,CGP-680,CL_51,
499,CGP-681,CL_51,
500,CGP-682,CL_51,
501,CGP-683,CL_41,
502,CGP-684,CL_41,
503,CGP-685,CL_41,
504,CGP-686,CL_41,
505,CGP-9008,KAPAEX-03,
506,CGP-9023,KAPAEX-03,
507,CGP-998,CL_59,
508,CGP-999,CL_59,
509,CHG11-402,,BB36_CL
510,CHG11-409,BB36_CL,
511,ChIP1_1,BB37_CL,
512,ChIP1_10,BB37_CL,
513,ChIP1_11,BB37_CL,
514,ChIP1_12,BB37_CL,
515,ChIP1_2,BB37_CL,
516,ChIP1_3,BB37_CL,
517,ChIP1_4,BB37_CL,
518,ChIP1_5,BB37_CL,
519,ChIP1_6,BB37_CL,
520,ChIP1_7,BB37_CL,
521,ChIP1_8,BB37_CL,
522,ChIP1_9,BB37_CL,
523,DLP-001,KAPAEX-04,
524,DLP-011,KAPAEX-01,
525,DLP-012,KAPAEX-01,
526,DLP-017,KAPAEX-02,
527,DLP-018,KAPAEX-02,
528,DLP-01_RE,,
529,DLP-02,KAPAEX-05,
530,DLP-021,KAPAEX-01,
531,DLP-022,KAPAEX-01,
532,DLP-025,KAPAEX-04,
533,DLP-026,KAPAEX-03,
534,DLP-027,KAPAEX-03,
535,DLP-028,KAPAEX-04,
536,DLP-029,KAPAEX-03,
537,DLP-03,KAPAEX-05,
538,DLP-030,KAPAEX-04,
539,DLP-031,KAPAEX-03,
540,DLP-04,KAPAEX-08,
541,DLP-041,KAPAEX-04,
542,DLP-043,KAPAEX-01,
543,DLP-044,KAPAEX-01,
544,DLP-045,KAPAEX-01,
545,DLP-046,KAPAEX-01,
546,DLP-047,KAPAEX-04,
547,DLP-049,KAPAEX-01,
548,DLP-05,KAPAEX-08,
549,DLP-050,KAPAEX-01,
550,DLP-052,KAPAEX-04,
551,DLP-053,KAPAEX-04,
552,DLP-053_RE,,
553,DLP-054,KAPAEX-04,
554,DLP-054_RE,,
555,DLP-055,KAPAEX-02,
556,DLP-056,KAPAEX-02,
557,DLP-059_RE2,KAPAEX-08,
558,DLP-059_RE3,KAPAEX-08,
559,DLP-06,KAPAEX-05,
560,DLP-061,KAPAEX-01,
561,DLP-062,KAPAEX-01,
562,DLP-065,KAPAEX-03,
563,DLP-069,KAPAEX-03,
564,DLP-07,KAPAEX-08,
565,DLP-070,KAPAEX-04,
566,DLP-071,KAPAEX-04,
567,DLP-073,KAPAEX-04,
568,DLP-08,KAPAEX-05,
569,DLP-09,KAPAEX-05,
570,DLP-10,KAPAEX-08,
571,DLP-100,,
572,DLP-101,KAPAEX-15,
573,DLP-102,KAPAEX-15,
574,DLP-103,KAPAEX-15,
575,DLP-104,KAPAEX-15,
576,DLP-105,KAPAEX-14,
577,DLP-106,KAPAEX-15,
578,DLP-107,KAPAEX-15,
579,DLP-108,KAPAEX-14,
580,DLP-109,KAPAEX-15,
581,DLP-110,KAPAEX-15,
582,DLP-111,KAPAEX-15,
583,DLP-112,,
584,DLP-113,,
585,DLP-114,KAPAEX-15,
586,DLP-115,KAPAEX-14,
587,DLP-116,KAPAEX-14,
588,DLP-117,KAPAEX-14,
589,DLP-118,KAPAEX-14,
590,DLP-119,KAPAEX-14,
591,DLP-120,KAPAEX-14,
592,DLP-121,KAPAEX-15,
593,DLP-122,KAPAEX-15,
594,DLP-123,KAPAEX-14,
595,DLP-124,KAPAEX-14,
596,DLP-125,KAPAEX-15,
597,DLP-126,KAPAEX-14,
598,DLP-127,KAPAEX-37,
599,DLP-128,KAPAEX-37,
600,DLP-129,KAPAEX-37,
601,DLP-130,KAPAEX-37,
602,DLP-131,KAPAEX-38,
603,DLP-132,KAPAEX-37,
604,DLP-133,KAPAEX-37,
605,DLP-134,KAPAEX-37,
606,DLP-135,KAPAEX-37,
607,DLP-136,KAPAEX-37,
608,DLP-137,KAPAEX-38,
609,DLP-138,KAPAEX-37,
610,DLP-139,KAPAEX-38,
611,DLP-140,KAPAEX-38,
612,DLP-15,KAPAEX-08,
613,DLP-16,KAPAEX-08,
614,DLP-19,KAPAEX-05,
615,DLP-20,KAPAEX-08,
616,DLP-23,KAPAEX-08,
617,DLP-24,KAPAEX-08,
618,DLP-48,KAPAEX-08,
619,DLP-59,KAPAEX-04,
620,DLP-68,KAPAEX-08,
621,DLP-72,KAPAEX-05,
622,DLP-75,KAPAEX-05,
623,DLP-76,KAPAEX-08,
624,DLP-79,KAPAEX-05,
625,DLP-80,KAPAEX-08,
626,DLP-81,KAPAEX-08,
627,DLP-83,KAPAEX-08,
628,DLP-85,KAPAEX-05,
629,DLP-86,KAPAEX-05,
630,DLP-87,KAPAEX-08,
631,DLP-88,KAPAEX-08,
632,DLP-89,KAPAEX-05,
633,DLP-90,KAPAEX-05,
634,DLP-91,KAPAEX-05,
635,DLP-92,KAPAEX-05,
636,DLP-93,KAPAEX-05,
637,DLP-94,KAPAEX-05,
638,DLP-95,KAPAEX-05,
639,DLP-96,KAPAEX-05,
640,DLP-98,KAPAEX-14,
641,DLP-99,KAPAEX-14,
642,DM1-Tert-Amplicon,,
643,DM11-Tert-Amplicon,,
644,DM14-Tert-Amplicon,,
645,DM2-Tert-Amplicon,,
646,DM8Tumor,,
647,DM8TumorCrest,BB13_CL,
648,DM93_Tumor,,
649,DPN-49-Graz,BB90_CL,
650,DPN49-Tumor,BB87_CL,
651,DPN50-Tumor,BB87_CL,
652,DPN51-Tumor,BB87_CL,
653,DPN52-Tumor,BB87_CL,
654,DPN53-Tumor,BB87_CL,
655,DPN54-Tumor,,
656,DPN55-Tumor,BB87_CL,
657,DPN56-Tumor,BB87_CL,
658,DPN57-Tumor,BB87_CL,
659,DPN58-Tumor,BB87_CL,
660,DPN59-Tumor,,
661,DPN60-Tumor,BB87_CL,
662,DPN61-Tumor,BB87_CL,
663,DPN62-Tumor,BB87_CL,
664,EXLP-01,"WGS-01,WGS-03,WGS-01_rerun,WGS-03_rerun",
665,EXLP-02,,
666,EXLP-03,,
667,EXLP-04,"WGS-01,WGS-03,WGS-01_rerun,WGS-03_rerun",
668,EXLP-05,"WGS-01,WGS-03,WGS-01_rerun,WGS-03_rerun",
669,EXLP-06,,
670,EXLP-07,,
671,EXLP-08,,
672,EXLP-09,"WGS-01,WGS-03,WGS-01_rerun,WGS-03_rerun",
673,EXLP-10,"WGS-01,WGS-03,WGS-01_rerun,WGS-03_rerun",
674,EXLP-11,"WGS-01,WGS-03,WGS-01_rerun,WGS-03_rerun",
675,EXLP-12,,
676,EXLP-13,,
677,EXLP-14,,
678,EXLP-15,,
679,EXLP-16,,
680,EXLP-17,,
681,EXLP-18,,
682,EXLP-19,,
683,EXLP-20,WGS-06,
684,EXLP-21,"WGS-07,WGS-13",
685,EXLP-22,WGS-08,
686,EXLP-23,WGS-04,
687,EXLP-24,WGS-09,
688,EXLP-25,WGS-05,
689,EXLP-26,"WGS-10,WGS-13",
690,EXLP-27,WGS-11,
691,EXLP-28,,
692,EXLP-29,,
693,EXLP-30,"WGS-12,WGS-13",
694,EXLP-31,KAPAEX-27,
695,EXLP-32,KAPAEX-27,
696,EXLP-33,KAPAEX-27,
697,EXLP-34,KAPAEX-27,
698,EXLP-35,KAPAEX-27,
699,EXLP-36,KAPAEX-27,
700,EXLP-37,,
701,EXLP-38,KAPAEX-27,
702,EXLP-39,KAPAEX-27,
703,EXLP-40,WGS-08,
704,EXLP-41,,
705,EXLP-42,,
706,EXLP-43,"WGS-12,WGS-13",
707,EXLP-44,KAPAEX-27,
708,EXLP-45,KAPAEX-27,
709,EXLP-46,,
710,EXLP-47,KAPAEX-27,
711,EXLP-48,KAPAEX-27,
712,EXLP-49,KAPAEX-27,
713,EXLP-50,,
714,EXLP-51,KAPAEX-27,
715,EXLP-52,KAPAEX-27,
716,EXLP-53,KAPAEX-27,
717,EXLP-54,KAPAEX-27,
718,-FKP 1.00,,
719,-FKP 2.00,,
720,-FKP 5.00,,
721,-FKP 6.00,,
722,-FKP 8.00,,
723,-FKP 9.00,,
724,-FKP 10.00,,
725,-FKP 11.00,,
726,H12_22775,BB3_CL,
727,H12_22776_B5_Norm,BB2_CL,
728,H12_22794A,BB3_CL,
729,IRLP-001,KAPAEXR-17,
730,IRLP-002,KAPAEXR-17,
731,IRLP-003,KAPAEXR-18,
732,IRLP-004,KAPAEXR-18,
733,IRLP-005,KAPAEXR-18,
734,IRLP-006,KAPAEXR-17,
735,IRLP-007,KAPAEXR-17,
736,IRLP-008,KAPAEXR-18,
737,IRLP-009,KAPAEXR-18,
738,IRLP-010,KAPAEXR-18,
739,IYEH-01,,
740,IYEH-02,,
741,IYEH-03,,
742,IYEH-07,,
743,IYEH-08,,
744,IYEH-09,KAPAEX-28,
745,Ivanka_21_5_Norm,BB18_CL,
746,Ivanka_24_5_Norm,BB18_CL,
747,JBU10-MVP,BB86_CL,
748,JBU10-Norm,BB86_CL,
749,JBU11-MVP,BB86_CL,
750,JBU11-Norm,BB86_CL,
751,JBU7-MVP,BB86_CL,
752,JBU7-Norm,BB86_CL,
753,JBU8-MVP,BB86_CL,
754,JBU8-Norm,BB86_CL,
755,JJS10_Mel,,
756,JJS10_Nev,,
757,JJS12_Mel,,
758,JJS12_Nev,,
759,JJS13_Mel,XL-10,
760,JJS13_Nev,XL-10,
761,JJS14_Mel,XL-11,
762,JJS14_Nev,XL-11,
763,JJS16_Mel,XL-11,
764,JJS16_Nev,XL-11,
765,JJS17_Mel,XL-11,
766,JJS17_Nev,XL-11,
767,JJS18_Mel,,
768,JJS18_Nev,,
769,JJS19_Mel,,
770,JJS19_Nev,,
771,JJS1_Nev,XL-10,
772,JJS20_Mel,,
773,JJS20_Nev,,
774,JJS21_Mel,,
775,JJS21_Nev,,
776,JJS22_Mel,,
777,JJS22_Nev,,
778,JJS23_Mel,,
779,JJS23_Nev,,
780,JJS25_Mel,,
781,JJS25_Nev,,
782,JJS26_Mel,,
783,JJS26_Nev,,
784,JJS27_Mel,,
785,JJS27_Nev,,
786,JJS28_Mel,,
787,JJS28_Nev,,
788,JJS3_Mel1,XL-10,
789,JJS3_Nev,,
790,JJS5_Mel,,
791,JJS5_Nev,,
792,KALP-001,KAPAEX-35,
793,KALP-002,KAPAEX-35,
794,KALP-003,KAPAEX-36,
795,KALP-004,KAPAEX-36,
796,KALP-005,KAPAEX-36,
797,KALP-006,KAPAEX-36,
798,KALP-007,KAPAEX-35,
799,KALP-008,KAPAEX-35,
800,KALP-009,KAPAEX-35,
801,KALP-010,KAPAEX-35,
802,KALP-011,KAPAEX-35,
803,KALP-012,KAPAEX-35,
804,KALP-013,,
805,KALP-014,KAPAEX-36,
806,KALP-015,KAPAEX-36,
807,KALP-016,,
808,KALP-017,,
809,KALP-018,,
810,KALP-019,KAPAEX-35,
811,KALP-020,KAPAEX-36,
812,KALP-021,KAPAEX-35,
813,KALP-022,KAPAEX-35,
814,KALP-023,KAPAEX-36,
815,KALP-024,KAPAEX-36,
816,KALP-025,KAPAEX-36,
817,KALP-026,,
818,KALP-027,KAPAEX-36,
819,KALP-028,KAPAEX-36,
820,KALP-029,KAPAEX-36,
821,KAM10-Tumor,BB80_CL,
822,KAM10-Tumor_kapa-NGv3-PE100-NGv3-ready,,
823,KAM10-normal,,
824,KAM10-normal_kapa-NGv3-PE100-NGv3-ready,,
825,KAM100-normal,,
826,KAM100-normal_kapa-NGv3-PE100-NGv3-ready,,
827,KAM100-tumor,BB82_CL,
828,KAM100-tumor_kapa-NGv3-PE100-NGv3-ready,,
829,KAM102-T-B,,
830,KAM111-normal,,
831,KAM111-normal_kapa-NGv3-PE100-NGv3-ready,,
832,KAM111-tumor,BB80_CL,
833,KAM111-tumor_kapa-NGv3-PE100-NGv3-ready,,
834,KAM113-T-H,,
835,KAM116-T,,
836,KAM12-T,,
837,KAM122-T-A,,
838,KAM123-T,,
839,KAM127-N,BB89_CL,
840,KAM127-T,BB89_CL,
841,KAM128-T,BB89_CL,
842,KAM130-T,BB89_CL,
843,KAM131-N,BB89_CL,
844,KAM131-T,BB89_CL,
845,KAM14-T,BB85_CL,
846,KAM26-T,BB85_CL,
847,KAM3-T-A,BB79_CL,
848,KAM34-T,BB85_CL,
849,KAM37-T,BB85_CL,
850,KAM43-T,BB85_CL,
851,KAM48-T,BB85_CL,
852,KAM62-T,BB85_CL,
853,KAM65-T,BB85_CL,
854,KAM71-T,BB85_CL,
855,KAM75-T,,
856,KAM79-T,BB85_CL,
857,KAM93-normal,,
858,KAM93-normal_kapa-NGv3-PE100-NGv3-ready,,
859,KAM93-tumor,BB79_CL,
860,KAM93-tumor_kapa-NGv3-PE100-NGv3-ready,,
861,KAM95-T-B1,BB85_CL,
862,KAM99-normal,,
863,KAM99-normal_kapa-NGv3-PE100-NGv3-ready,,
864,KAM99-tumor,BB79_CL,
865,KAM99-tumor_kapa-NGv3-PE100-NGv3-ready,,
866,Kit_181_Muc_BRAF,BB4_CL,BB4_CL
867,Kit_227_Acral_WT_ACACGA,BB4_CL,
868,Kit_227_Acral_WT_CACCTC,BB7_CL,
869,LMM-04,,
870,LMM-05,,
871,LMM-07,,
872,LMM-08,,
873,LMM-10,,
874,LMM-11,,
875,LMM-13,,
876,LMM-14,,
877,LMM-17,,
878,LMM-18,,
879,MP41,"KAPAEX-02,SGPC-12",
880,MP41-YMR1,"KAPAEX-02,SGPC-12",
881,MRLP-001,"SGPC-09,SGPC-11",
882,MRLP-002,"SGPC-09,SGPC-11",
883,MRLP-003,"SGPC-09,SGPC-11",
884,MRLP-004,"SGPC-09,SGPC-11",
885,MRLP-005,"SGPC-09,SGPC-11",
886,MRLP-006,"SGPC-09,SGPC-11",
887,MRLP-008,"SGPC-09,SGPC-11",
888,MRLP-009,"SGPC-09,SGPC-11",
889,MRLP-010,"SGPC-09,SGPC-11",
890,MRLP-011,"SGPC-09,SGPC-11",
891,MRLP-012,"SGPC-09,SGPC-11",
892,MRLP-015,"SGPC-09,SGPC-11",
893,MRLP-017,"SGPC-09,SGPC-11",
894,MRLP-020,"SGPC-09,SGPC-11",
895,MRLP-021,"SGPC-09,SGPC-11",
896,MRLP-024,"SGPC-09,SGPC-11",
897,MRLP-025,"SGPC-09,SGPC-11",
898,MRLP-026,"SGPC-09,SGPC-11,SGPC-12",
899,MRLP-027,"SGPC-09,SGPC-11,SGPC-12",
900,MRLP-029,"SGPC-09,SGPC-11",
901,MRLP-030,"SGPC-09,SGPC-11,SGPC-12",
902,MRLP-031,"SGPC-09,SGPC-11,SGPC-12",
903,MRLP-032,"SGPC-09,SGPC-11",
904,MRLP-033,"SGPC-09,SGPC-11",
905,MRLP-034,"SGPC-09,SGPC-11",
906,MRLP-035,"SGPC-09,SGPC-11",
907,MRLP-036,"SGPC-09,SGPC-11",
908,MRLP-037,"SGPC-09,SGPC-11,SGPC-12",
909,MRLP-038,"SGPC-09,SGPC-11",
910,MRLP-039,"SGPC-09,SGPC-11",
911,MRLP-040,"SGPC-09,SGPC-11,SGPC-12",
912,MRLP-041,SGPC-09,
913,MRLP-042,SGPC-09,
914,MRLP-043,SGPC-09,
915,MRLP-044,SGPC-09,
916,MRLP-045,SGPC-09,
917,MRLP-046,SGPC-09,
918,MRLP-047,SGPC-09,
919,MRLP-048,SGPC-09,
920,MRLP-049,SGPC-09,
921,MRLP-050,SGPC-09,
922,MRLP-051,"SGPC-09,SGPC-11",
923,NGS 1-1,BB26_CL,
924,NGS 1-10,BB26_CL,
925,NGS 1-13,BB26_CL,
926,NGS 1-14,BB26_CL,
927,NGS 1-3,BB26_CL,
928,NGS 1-4,BB26_CL,
929,NGS 1-5,BB26_CL,
930,NGS 1-6,BB26_CL,
931,NGS 1-7,BB26_CL,
932,NGS 1-8,BB26_CL,
933,NGS 1-9,BB26_CL,
934,NMLP-001,"SGPC-06,SGPC-10,SGPC-13",
935,NMLP-003,SGPC-06,
936,NMLP-004,"SGPC-06,SGPC-10,SGPC-13",
937,NMLP-005,,
938,NMLP-006,,
939,NMLP-007,SGPC-06,
940,NMLP-008,SGPC-06,
941,NMLP-009,"SGPC-06,SGPC-10,SGPC-14",
942,NMLP-010,"SGPC-06,SGPC-10,SGPC-13",
943,NMLP-011,"SGPC-06,SGPC-10,SGPC-13",
944,NMLP-012,SGPC-06,
945,NMLP-013,SGPC-06,
946,NMLP-014,SGPC-07,
947,NMLP-015,SGPC-06,
948,NMLP-016,"SGPC-06,SGPC-14",
949,NMLP-017,"SGPC-06,SGPC-14",
950,NMLP-018,"SGPC-09,SGPC-14",
951,NMLP-019,SGPC-06,
952,NMLP-020,"SGPC-06,SGPC-14",
953,NMLP-021,"SGPC-06,SGPC-14",
954,NMLP-022,SGPC-06,
955,NMLP-023,"SGPC-06,SGPC-14",
956,NMLP-024,"SGPC-06,SGPC-14",
957,NMLP-025,SGPC-06,
958,NMLP-026,SGPC-06,
959,NMLP-027,"SGPC-06,SGPC-14",
960,NMLP-028,SGPC-06,
961,NMLP-029,SGPC-06,
962,NMLP-030,SGPC-06,
963,NMLP-031,SGPC-06,
964,NMLP-032,SGPC-06,
965,NMLP-033,SGPC-07,
966,NMLP-034,"SGPC-06,SGPC-10,SGPC-14",
967,NMLP-035,"SGPC-06,SGPC-14",
968,NMLP-036,SGPC-07,
969,NMLP-037,"SGPC-06,SGPC-14",
970,NMLP-038,"SGPC-06,SGPC-14",
971,NMLP-039,SGPC-06,
972,NMLP-040,"SGPC-06,SGPC-14",
973,NMLP-041,"SGPC-06,SGPC-14",
974,NMLP-042,SGPC-07,
975,NMLP-043,,
976,NMLP-044,,
977,NMLP-045,"SGPC-06,SGPC-14",
978,NMLP-046,"SGPC-06,SGPC-14",
979,NMLP-047,,
980,NMLP-048,"SGPC-06,SGPC-14",
981,NMLP-049,"SGPC-06,SGPC-10,SGPC-13",
982,NMLP-050,SGPC-06,
983,NMLP-051,SGPC-06,
984,NMLP-052,SGPC-06,
985,NMLP-053,SGPC-19,
986,Nu-01,SGPC-04,
987,Nu-02,SGPC-04,
988,Nu-05,SGPC-04,
989,Nu-06,SGPC-04,
990,Nu-08,SGPC-04,
991,Nu-09,SGPC-04,
992,Nu-10,SGPC-04,
993,Nu-11,SGPC-04,
994,OMLP-001,,
995,OMLP-002,SGPC-19,
996,OMLP-003,SGPC-19,
997,OMLP-004,SGPC-19,
998,OMLP-005,SGPC-19,
999,OMLP-006,SGPC-19,
1000,OMLP-007,SGPC-19,
1001,OMLP-008,SGPC-19,
1002,OMLP-009,SGPC-19,
1003,OMLP-010,SGPC-19,
1004,OMLP-011,SGPC-19,
1005,OMLP-012,SGPC-19,
1006,OMLP-013,SGPC-19,
1007,OMLP-014,SGPC-19,
1008,OMLP-015,SGPC-19,
1009,OMLP-016,SGPC-19,
1010,OMLP-017,SGPC-19,
1011,OMLP-018,SGPC-19,
1012,OMLP-019,SGPC-19,
1013,OMLP-020,SGPC-19,
1014,OMLP-021,SGPC-19,
1015,OMLP-022,SGPC-22,
1016,OMLP-023,SGPC-22,
1017,OMLP-024,SGPC-22,
1018,OMLP-025,SGPC-22,
1019,OMLP-026,SGPC-22,
1020,OMLP-027,SGPC-22,
1021,OMLP-028,SGPC-22,
1022,OMLP-029,SGPC-22,
1023,OMLP-030,SGPC-22,
1024,OMLP-031,SGPC-22,
1025,OMLP-032,SGPC-22,
1026,OMLP-033,SGPC-22,
1027,OMLP-034,SGPC-22,
1028,OMLP-035,SGPC-22,
1029,OMLP-036,SGPC-22,
1030,OMLP-037,SGPC-22,
1031,OMLP-038,SGPC-22,
1032,OMLP-039,SGPC-22,
1033,OMLP-040,SGPC-22,
1034,OMLP-041,SGPC-22,
1035,OMLP-042,SGPC-22,
1036,OMLP-043,SGPC-22,
1037,OMLP-044,SGPC-22,
1038,OMLP-045,SGPC-22,
1039,OMLP-046,SGPC-22,
1040,OMLP-047,SGPC-22,
1041,OMLP-048,SGPC-22,
1042,OMLP-049,SGPC-22,
1043,OMLP-050,SGPC-22,
1044,OMLP-051,SGPC-22,
1045,OMLP-052,SGPC-22,
1046,OMLP-053,SGPC-22,
1047,OMLP-054,SGPC-22,
1048,OMLP-055,SGPC-22,
1049,OMLP-056,SGPC-22,
1050,OMLP-057,SGPC-22,
1051,OMLP-058,SGPC-22,
1052,OMLP-059,SGPC-22,
1053,OMLP-060,SGPC-22,
1054,OMLP-061,SGPC-22,
1055,OMLP-062,SGPC-22,
1056,OMLP-063,SGPC-22,
1057,OMLP-064,SGPC-22,
1058,OMLP-065,SGPC-22,
1059,OMLP-066,SGPC-22,
1060,OMLP-067,SGPC-22,
1061,OMLP-068,SGPC-22,
1062,OMLP-069,SGPC-22,
1063,OMLP-070,SGPC-22,
1064,OMLP-071,SGPC-22,
1065,OMLP-072,SGPC-22,
1066,OMLP-073,SGPC-22,
1067,OMLP-074,SGPC-22,
1068,OMLP-075,SGPC-22,
1069,PMM-8-Tumor,BB73_CL,BB73_CL
1070,RLP-107,KAPAEX-30,
1071,RLP-108,KAPAEX-31,
1072,RLP-109,KAPAEX-32,
1073,RLP-110,KAPAEX-30,
1074,RLP-111,KAPAEX-31,
1075,RLP-112,KAPAEX-31,
1076,RLP-113,KAPAEX-31,
1077,RLP-114,KAPAEX-31,
1078,RLP-115,KAPAEX-30,
1079,RLP-116,KAPAEX-32,
1080,RLP-117,KAPAEX-34,
1081,RLP-118,KAPAEX-28,
1082,RLP-119,KAPAEX-30,
1083,RLP-120,KAPAEX-34,
1084,RLP-121,KAPAEX-31,
1085,RLP-122,KAPAEX-31,
1086,RLP-123,KAPAEX-32,
1087,RLP-124,KAPAEX-28,
1088,RLP-125,KAPAEX-28,
1089,RLP-126,KAPAEX-28,
1090,RLP-127,,
1091,RLP-128,KAPAEX-34,
1092,RLP-129,KAPAEX-30,
1093,RLP-130,KAPAEX-33,
1094,RLP-131,KAPAEX-33,
1095,RLP-132,KAPAEX-33,
1096,RLP-133,KAPAEX-31,
1097,RLP-134,KAPAEX-32,
1098,RLP-135,KAPAEX-33,
1099,RLP-136,KAPAEX-34,
1100,RLP-137,KAPAEX-29,
1101,RLP-138,KAPAEX-34,
1102,RLP-139,KAPAEX-34,
1103,RLP-140,KAPAEX-34,
1104,RLP-141,KAPAEX-33,
1105,RLP-142,KAPAEX-34,
1106,RLP-143,KAPAEX-33,
1107,RLP-144,KAPAEX-34,
1108,RLP-145,KAPAEX-30,
1109,RLP-146,KAPAEX-32,
1110,RLP-147,KAPAEX-33,
1111,RLP-148,KAPAEX-33,
1112,RLP-149,,
1113,RLP-150,,
1114,RLP-151,KAPAEX-29,
1115,RLP-152,KAPAEX-29,
1116,RLP-153,KAPAEX-31,
1117,RLP-154,KAPAEX-31,
1118,RLP-155,KAPAEX-30,
1119,RLP-156,KAPAEX-32,
1120,RLP-157,KAPAEX-30,
1121,RLP-158,KAPAEX-32,
1122,RLP-159,KAPAEX-30,
1123,RLP-160,KAPAEX-30,
1124,RLP-161,KAPAEX-31,
1125,RLP-162,KAPAEX-32,
1126,RLP-163,KAPAEX-34,
1127,RLP-164,KAPAEX-32,
1128,RLP-165,KAPAEX-34,
1129,RLP-166,KAPAEX-29,
1130,RLP-167,,
1131,RLP-168,KAPAEX-31,
1132,RLP-169,KAPAEX-31,
1133,RLP-17,KAPAEX-12,
1134,RLP-170,KAPAEX-30,
1135,RLP-171,KAPAEX-31,
1136,RLP-172,KAPAEX-32,
1137,RLP-173,KAPAEX-30,
1138,RLP-174,KAPAEX-31,
1139,RLP-175,KAPAEX-31,
1140,RLP-176,KAPAEX-31,
1141,RLP-177,KAPAEX-31,
1142,RLP-179,KAPAEX-32,
1143,RLP-180,KAPAEX-34,
1144,RLP-184,KAPAEX-31,
1145,RLP-185,KAPAEX-31,
1146,RLP-186,KAPAEX-32,
1147,RLP-190,KAPAEX-34,
1148,RLP-195,KAPAEX-31,
1149,RLP-196,KAPAEX-32,
1150,RLP-199,KAPAEX-29,
1151,RLP-200,KAPAEX-34,
1152,RLP-207,KAPAEX-30,
1153,RLP-208,KAPAEX-32,
1154,RLP-211,KAPAEX-34,
1155,RLP-212,KAPAEX-29,
1156,RLP-213,KAPAEX-29,
1157,RLP-214,KAPAEX-29,
1158,RLP-215,KAPAEX-31,
1159,RLP-216,KAPAEX-31,
1160,RLP-217,KAPAEX-30,
1161,RLP-218,KAPAEX-32,
1162,RLP-219,KAPAEX-30,
1163,RLP-220,KAPAEX-32,
1164,RLP-221,KAPAEX-30,
1165,RLP-222,KAPAEX-30,
1166,RLP-223,KAPAEX-31,
1167,RLP-224,KAPAEX-32,
1168,RLP-225,KAPAEX-34,
1169,RLP-226,KAPAEX-32,
1170,RLP-228,KAPAEX-29,
1171,RLP-229,KAPAEX-29,
1172,RLP-230,KAPAEX-31,
1173,RLP-231,KAPAEX-31,
1174,RLP-232,KAPAEX-29,
1175,RLP-233,KAPAEX-29,
1176,RLP-234,KAPAEX-29,
1177,RLP-235,KAPAEX-29,
1178,RLP-236,KAPAEX-33,
1179,RLP-237,KAPAEX-31,
1180,RLP-238,KAPAEX-31,
1181,RLP-239,KAPAEX-28,
1182,RLP-24,KAPAEX-11,
1183,RLP-240,KAPAEX-32,
1184,RLP-241,KAPAEX-28,
1185,RLP-242,KAPAEX-28,
1186,RLP-243,KAPAEX-33,
1187,RLP-244,KAPAEX-33,
1188,RLP-245,KAPAEX-30,
1189,RLP-246,KAPAEX-34,
1190,RLP-247,KAPAEX-30,
1191,RLP-248,KAPAEX-28,
1192,RLP-249,KAPAEX-28,
1193,RLP-25,KAPAEX-12,
1194,RLP-250,KAPAEX-31,
1195,RLP-251,KAPAEX-33,
1196,RLP-252,KAPAEX-33,
1197,RLP-253,KAPAEX-30,
1198,RLP-254,KAPAEX-34,
1199,RLP-255,KAPAEX-30,
1200,RLP-256,KAPAEX-31,
1201,RLP-257,KAPAEX-32,
1202,RLP-258,KAPAEX-39,
1203,RLP-259,KAPAEX-39,
1204,RLP-260,KAPAEX-39,
1205,RLP-261,KAPAEX-39,
1206,RLP-262,KAPAEX-39,
1207,RLP-263,KAPAEX-39,
1208,RLP-264,KAPAEX-39,
1209,RLP-265,KAPAEX-39,
1210,RLP-57,,
1211,RLP-58,,
1212,RLP-64,"CAPTURE 08,SGPC-18",
1213,RLP-65,CAPTURE 08,
1214,RLP-66,CAPTURE 08,
1215,RLP-67,KAPAEX-09,
1216,RLP-68,KAPAEX-09,
1217,RLP-69,KAPAEX-09,
1218,RLP-70,KAPAEX-09,
1219,RLP-71,KAPAEX-10,
1220,RLP-72,KAPAEX-10,
1221,RLP-73,KAPAEX-09,
1222,RLP-74,KAPAEX-09,
1223,RLP-75,KAPAEX-10,
1224,RLP-76,KAPAEX-10,
1225,RLP-77,KAPAEX-12,
1226,RLP-78,KAPAEX-11,
1227,RLP-79,KAPAEX-11,
1228,RLP-80,KAPAEX-11,
1229,RLP-81,KAPAEX-12,
1230,RLP-82,KAPAEX-12,
1231,RLP-83,,
1232,RLP-84,,
1233,RLP-85,KAPAEX-13,
1234,RLP-86,KAPAEX-13,
1235,RLP-87,KAPAEX-13,
1236,RLP-88,KAPAEX-10,
1237,RLP-89,KAPAEX-11,
1238,RLP-90,KAPAEX-11,
1239,RLP-91,KAPAEX-13,
1240,RLP-92,KAPAEX-10,
1241,RLP-93,KAPAEX-13,
1242,RNA-01,VM_BB_02,
1243,RNA-02,VM_BB_02,
1244,RNA-03,VM_BB_01,
1245,RNA-04,VM_BB_01,
1246,RNA-05,VM_BB_01,
1247,RNA-06,VM_BB_02,
1248,RNA-07,VM_BB_01,
1249,RNA-08,VM_BB_02,
1250,RNA-09,VM_BB_02,
1251,RNA-10,,
1252,RNA-11,VM_BB_01,
1253,RNA-12,VM_BB_01,
1254,RNA-13,VM_BB_01,
1255,RNA-14,VM_BB_01,
1256,RNA-15,VM_BB_02,
1257,RNA-16,VM_BB_02,
1258,RNA-18,VM_BB_02,
1259,RNA-19,,
1260,RNA-20,,
1261,RNA-21,VM_BB_02,
1262,RNA-22,VM_BB_01,
1263,RNA-23,,
1264,RNA-26,VM_BB_03,
1265,RNA-27,VM_BB_03,
1266,RNA-28,VM_BB_03,
1267,RNA-29,VM_BB_03,
1268,RNA-30,VM_BB_03,
1269,RNA-31,VM_BB_03,
1270,RNA-32,VM_BB_03,
1271,RNA-33,VM_BB_03,
1272,RNA-34,VM_BB_03,
1273,RNA-35,VM_BB_03,
1274,RNA-36,VM_BB_03,
1275,RNA-37,VM_BB_03,
1276,RNA-38,VM_BB_03,
1277,RNA-39,VM_BB_03,
1278,RNA-40,VM_BB_03,
1279,Rob-T001-Mel,BB90_CL,
1280,Rob-T001-Normal,BB90_CL,
1281,Rob-T003-Mel,BB90_CL,
1282,Rob-T003-Normal,BB90_CL,
1283,Rob-T005-Nev,BB90_CL,
1284,Rob-T005-Normal,BB90_CL,
1285,Rob-T008-Nev,BB90_CL,
1286,Rob-T008-Normal,BB90_CL,
1287,Rob-T009-Nev,BB90_CL,
1288,Rob-T009-Normal,BB90_CL,
1289,Rob-T010-Nev,BB90_CL,
1290,Rob-T010-Normal,BB90_CL,
1291,SGLP-0001,SGPC-02,
1292,SGLP-0002,SGPC-02,
1293,SGLP-0003,SGPC-02,
1294,SGLP-0004,SGPC-02,
1295,SGLP-0005,SGPC-02,
1296,SGLP-0006,SGPC-02,
1297,SGLP-0007,SGPC-02,
1298,SGLP-0008,SGPC-02,
1299,SGLP-0009,SGPC-02,
1300,SGLP-0010,SGPC-02,
1301,SGLP-0011,SGPC-02,
1302,SGLP-0012,SGPC-02,
1303,SGLP-0013,SGPC-02,
1304,SGLP-0014,SGPC-02,
1305,SGLP-0015,SGPC-02,
1306,SGLP-0016,SGPC-02,
1307,SGLP-0017,SGPC-02,
1308,SGLP-0018,SGPC-02,
1309,SGLP-0019,SGPC-02,
1310,SGLP-0020,SGPC-02,
1311,SGLP-0021,SGPC-02,
1312,SGLP-0022,SGPC-02,
1313,SGLP-0023,"SGPC-02,SGPC-01",
1314,SGLP-0024,"SGPC-02,SGPC-01",
1315,SGLP-0025,"SGPC-02,SGPC-01",
1316,SGLP-0026,"SGPC-02,SGPC-01",
1317,SGLP-0027,"SGPC-02,SGPC-01",
1318,SGLP-0028,SGPC-01,
1319,SGLP-0029,"SGPC-08,SGPC-10,SGPC-14,SGPC-01,SGPC-02",
1320,SGLP-0030,"SGPC-02,SGPC-01",
1321,SGLP-0031,"SGPC-02,SGPC-01",
1322,SGLP-0032,"SGPC-08,SGPC-10,SGPC-01,SGPC-02",
1323,SGLP-0033,"SGPC-02,SGPC-01",
1324,SGLP-0034,"SGPC-02,SGPC-01",
1325,SGLP-0035,"SGPC-02,SGPC-01",
1326,SGLP-0036,"SGPC-02,SGPC-01",
1327,SGLP-0037,"SGPC-02,SGPC-01",
1328,SGLP-0038,"SGPC-02,SGPC-01",
1329,SGLP-0039,"SGPC-02,SGPC-01",
1330,SGLP-0040,"SGPC-08,SGPC-10,SGPC-01,SGPC-02",
1331,SGLP-0041,"SGPC-02,SGPC-01",
1332,SGLP-0042,"SGPC-02,SGPC-01",
1333,SGLP-0043,"SGPC-02,SGPC-01",
1334,SGLP-0044,"SGPC-02,SGPC-01",
1335,SGLP-0045,"SGPC-02,SGPC-01",
1336,SGLP-0046,"SGPC-02,SGPC-01",
1337,SGLP-0047,"SGPC-02,SGPC-01",
1338,SGLP-0048,"SGPC-02,SGPC-01",
1339,SGLP-0049,"SGPC-02,SGPC-01",
1340,SGLP-0050,SGPC-02,
1341,SGLP-0051,SGPC-02,
1342,SGLP-0052,SGPC-02,
1343,SGLP-0053,SGPC-02,
1344,SGLP-0054,SGPC-02,
1345,SGLP-0055,SGPC-02,
1346,SGLP-0056,SGPC-02,
1347,SGLP-0057,SGPC-02,
1348,SGLP-0058,SGPC-02,
1349,SGLP-0059,SGPC-02,
1350,SGLP-0060,SGPC-02,
1351,SGLP-0061,SGPC-02,
1352,SGLP-0062,SGPC-02,
1353,SGLP-0063,SGPC-02,
1354,SGLP-0064,SGPC-02,
1355,SGLP-0065,SGPC-02,
1356,SGLP-0066,SGPC-02,
1357,SGLP-0067,SGPC-02,
1358,SGLP-0068,SGPC-02,
1359,SGLP-0069,SGPC-02,
1360,SGLP-0070,SGPC-02,
1361,SGLP-0071,SGPC-02,
1362,SGLP-0072,SGPC-02,
1363,SGLP-0073,SGPC-02,
1364,SGLP-0074,SGPC-02,
1365,SGLP-0075,SGPC-02,
1366,SGLP-0076,SGPC-02,
1367,SGLP-0077,SGPC-02,
1368,SGLP-0078,SGPC-02,
1369,SGLP-0079,SGPC-02,
1370,SGLP-0080,SGPC-02,
1371,SGLP-0081,SGPC-02,
1372,SGLP-0082,SGPC-02,
1373,SGLP-0083,SGPC-02,
1374,SGLP-0084,SGPC-02,
1375,SGLP-0085,SGPC-02,
1376,SGLP-0086,SGPC-02,
1377,SGLP-0087,SGPC-02,
1378,SGLP-0088,SGPC-02,
1379,SGLP-0089,SGPC-02,
1380,SGLP-0090,SGPC-02,
1381,SGLP-0091,SGPC-02,
1382,SGLP-0092,SGPC-02,
1383,SGLP-0093,SGPC-02,
1384,SGLP-0094,SGPC-02,
1385,SGLP-0095,SGPC-02,
1386,SGLP-0096,SGPC-02,
1387,SGLP-0097,SGPC-03,
1388,SGLP-0098,SGPC-03,
1389,SGLP-0099,SGPC-03,
1390,SGLP-0100,"SGPC-08,SGPC-10,SGPC-14,SGPC-03",
1391,SGLP-0101,SGPC-03,
1392,SGLP-0102,SGPC-03,
1393,SGLP-0103,"SGPC-08,SGPC-11,SGPC-03",
1394,SGLP-0104,SGPC-03,
1395,SGLP-0105,"SGPC-08,SGPC-10,SGPC-14,SGPC-03",
1396,SGLP-0106,SGPC-03,
1397,SGLP-0107,SGPC-03,
1398,SGLP-0108,SGPC-03,
1399,SGLP-0109,SGPC-03,
1400,SGLP-0110,SGPC-03,
1401,SGLP-0111,SGPC-03,
1402,SGLP-0112,SGPC-03,
1403,SGLP-0113,SGPC-03,
1404,SGLP-0114,SGPC-03,
1405,SGLP-0115,SGPC-03,
1406,SGLP-0117,SGPC-03,
1407,SGLP-0119,SGPC-03,
1408,SGLP-0120,"SGPC-08,SGPC-11,SGPC-03",
1409,SGLP-0121,SGPC-03,
1410,SGLP-0122,SGPC-03,
1411,SGLP-0123,SGPC-03,
1412,SGLP-0124,SGPC-03,
1413,SGLP-0125,"SGPC-08,SGPC-15,SGPC-03",
1414,SGLP-0126,SGPC-03,
1415,SGLP-0127,SGPC-03,
1416,SGLP-0128,"SGPC-08,SGPC-11,SGPC-03",
1417,SGLP-0129,SGPC-03,
1418,SGLP-0130,"SGPC-08,SGPC-11,SGPC-03",
1419,SGLP-0131,SGPC-03,
1420,SGLP-0132,SGPC-03,
1421,SGLP-0133,SGPC-03,
1422,SGLP-0134,"SGPC-08,SGPC-15,SGPC-03",
1423,SGLP-0135,SGPC-03,
1424,SGLP-0136,SGPC-03,
1425,SGLP-0137,"SGPC-08,SGPC-11,SGPC-03",
1426,SGLP-0138,SGPC-03,
1427,SGLP-0139,SGPC-03,
1428,SGLP-0140,SGPC-03,
1429,SGLP-0141,SGPC-03,
1430,SGLP-0142,SGPC-03,
1431,SGLP-0143,"SGPC-08,SGPC-11,SGPC-03",
1432,SGLP-0144,SGPC-03,
1433,SGLP-0145,SGPC-03,
1434,SGLP-0146,SGPC-03,
1435,SGLP-0147,SGPC-03,
1436,SGLP-0148,SGPC-03,
1437,SGLP-0149,"SGPC-08,SGPC-11,SGPC-03",
1438,SGLP-0150,SGPC-03,
1439,SGLP-0151,SGPC-03,
1440,SGLP-0152,SGPC-03,
1441,SGLP-0153,SGPC-03,
1442,SGLP-0154,SGPC-03,
1443,SGLP-0155,"SGPC-08,SGPC-11,SGPC-03",
1444,SGLP-0156,SGPC-03,
1445,SGLP-0157,SGPC-03,
1446,SGLP-0158,"SGPC-08,SGPC-11,SGPC-03",
1447,SGLP-0159,SGPC-03,
1448,SGLP-0160,SGPC-03,
1449,SGLP-0161,SGPC-03,
1450,SGLP-0162,"SGPC-08,SGPC-11,SGPC-03",
1451,SGLP-0163,SGPC-03,
1452,SGLP-0164,SGPC-03,
1453,SGLP-0165,SGPC-03,
1454,SGLP-0166,"SGPC-08,SGPC-11,SGPC-03",
1455,SGLP-0167,"SGPC-08,SGPC-11,SGPC-03",
1456,SGLP-0168,SGPC-03,
1457,SGLP-0169,SGPC-03,
1458,SGLP-0170,SGPC-03,
1459,SGLP-0171,SGPC-03,
1460,SGLP-0172,SGPC-03,
1461,SGLP-0173,SGPC-03,
1462,SGLP-0174,"SGPC-08,SGPC-11,SGPC-03",
1463,SGLP-0175,SGPC-03,
1464,SGLP-0176,SGPC-03,
1465,SGLP-0177,SGPC-03,
1466,SGLP-0178,SGPC-03,
1467,SGLP-0179,SGPC-03,
1468,SGLP-0180,SGPC-03,
1469,SGLP-0181,"SGPC-08,SGPC-11,SGPC-03",
1470,SGLP-0182,SGPC-03,
1471,SGLP-0183,"SGPC-08,SGPC-11,SGPC-03",
1472,SGLP-0184,"SGPC-08,SGPC-11,SGPC-03",
1473,SGLP-0185,SGPC-04,
1474,SGLP-0186,SGPC-04,
1475,SGLP-0187,SGPC-04,
1476,SGLP-0188,SGPC-04,
1477,SGLP-0189,SGPC-04,
1478,SGLP-0190,SGPC-04,
1479,SGLP-0191,SGPC-04,
1480,SGLP-0192,SGPC-04,
1481,SGLP-0193,SGPC-04,
1482,SGLP-0194,SGPC-04,
1483,SGLP-0195,SGPC-04,
1484,SGLP-0196,SGPC-04,
1485,SGLP-0197,SGPC-04,
1486,SGLP-0198,SGPC-04,
1487,SGLP-0199,SGPC-04,
1488,SGLP-0200,"SGPC-04,SGPC-16",
1489,SGLP-0201,"SGPC-04,SGPC-16",
1490,SGLP-0202,"SGPC-04,SGPC-16",
1491,SGLP-0203,"SGPC-04,SGPC-16",
1492,SGLP-0204,"SGPC-04,SGPC-16",
1493,SGLP-0205,"SGPC-04,SGPC-16",
1494,SGLP-0206,"SGPC-04,SGPC-16",
1495,SGLP-0207,"SGPC-04,SGPC-16",
1496,SGLP-0208,"SGPC-04,SGPC-16",
1497,SGLP-0209,"SGPC-04,SGPC-16",
1498,SGLP-0210,SGPC-04,
1499,SGLP-0211,SGPC-04,
1500,SGLP-0212,SGPC-04,
1501,SGLP-0213,SGPC-04,
1502,SGLP-0214,SGPC-04,
1503,SGLP-0215,SGPC-04,
1504,SGLP-0216,SGPC-04,
1505,SGLP-0217,SGPC-04,
1506,SGLP-0218,SGPC-04,
1507,SGLP-0219,SGPC-04,
1508,SGLP-0220,"SGPC-04,SGPC-16",
1509,SGLP-0221,"SGPC-04,SGPC-16",
1510,SGLP-0222,SGPC-04,
1511,SGLP-0223,"SGPC-04,SGPC-16",
1512,SGLP-0224,"SGPC-04,SGPC-16",
1513,SGLP-0225,SGPC-04,
1514,SGLP-0226,SGPC-04,
1515,SGLP-0227,SGPC-04,
1516,SGLP-0228,SGPC-04,
1517,SGLP-0229,SGPC-04,
1518,SGLP-0230,"SGPC-04,SGPC-16",
1519,SGLP-0231,SGPC-04,
1520,SGLP-0232,"SGPC-04,SGPC-16",
1521,SGLP-0233,SGPC-04,
1522,SGLP-0234,SGPC-04,
1523,SGLP-0235,"SGPC-04,SGPC-16",
1524,SGLP-0236,SGPC-04,
1525,SGLP-0237,SGPC-04,
1526,SGLP-0238,SGPC-04,
1527,SGLP-0239,SGPC-04,
1528,SGLP-0240,"SGPC-04,SGPC-16",
1529,SGLP-0241,"SGPC-04,SGPC-16",
1530,SGLP-0242,"SGPC-04,SGPC-16",
1531,SGLP-0243,"SGPC-04,SGPC-16",
1532,SGLP-0244,"SGPC-04,SGPC-16",
1533,SGLP-0245,"SGPC-04,SGPC-16",
1534,SGLP-0246,"SGPC-04,SGPC-16",
1535,SGLP-0247,SGPC-04,
1536,SGLP-0248,"SGPC-04,SGPC-16",
1537,SGLP-0249,"SGPC-04,SGPC-16",
1538,SGLP-0250,SGPC-04,
1539,SGLP-0251,SGPC-04,
1540,SGLP-0252,"SGPC-07,SGPC-10,SGPC-14",
1541,SGLP-0253,"SGPC-07,SGPC-10,SGPC-14",
1542,SGLP-0254,"SGPC-07,SGPC-14",
1543,SGLP-0255,"SGPC-07,SGPC-10,SGPC-14",
1544,SGLP-0256,"SGPC-07,SGPC-10,SGPC-14",
1545,SGLP-0257,"SGPC-07,SGPC-10,SGPC-14",
1546,SGLP-0258,SGPC-05,
1547,SGLP-0259,SGPC-05,
1548,SGLP-0260,SGPC-05,
1549,SGLP-0261,"SGPC-08,SGPC-05,SGPC-15",
1550,SGLP-0262,"SGPC-08,SGPC-11,SGPC-05",
1551,SGLP-0263,"SGPC-08,SGPC-11,SGPC-05",
1552,SGLP-0264,SGPC-05,
1553,SGLP-0265,SGPC-05,
1554,SGLP-0266,"SGPC-08,SGPC-05,SGPC-15",
1555,SGLP-0267,"SGPC-08,SGPC-11,SGPC-05",
1556,SGLP-0268,SGPC-05,
1557,SGLP-0269,SGPC-05,
1558,SGLP-0270,SGPC-05,
1559,SGLP-0271,SGPC-05,
1560,SGLP-0272,"SGPC-08,SGPC-11,SGPC-05",
1561,SGLP-0273,SGPC-05,
1562,SGLP-0274,SGPC-05,
1563,SGLP-0275,"SGPC-08,SGPC-11,SGPC-05",
1564,SGLP-0276,SGPC-05,
1565,SGLP-0277,SGPC-05,
1566,SGLP-0278,SGPC-05,
1567,SGLP-0279,SGPC-05,
1568,SGLP-0280,"SGPC-08,SGPC-11,SGPC-05",
1569,SGLP-0281,SGPC-05,
1570,SGLP-0282,SGPC-05,
1571,SGLP-0283,SGPC-05,
1572,SGLP-0284,SGPC-05,
1573,SGLP-0285,"SGPC-08,SGPC-11,SGPC-05",
1574,SGLP-0286,SGPC-05,
1575,SGLP-0287,SGPC-05,
1576,SGLP-0288,"SGPC-08,SGPC-11,SGPC-05",
1577,SGLP-0289,"SGPC-08,SGPC-05,SGPC-15",
1578,SGLP-0290,SGPC-05,
1579,SGLP-0291,SGPC-05,
1580,SGLP-0292,"SGPC-08,SGPC-11,SGPC-05",
1581,SGLP-0293,SGPC-05,
1582,SGLP-0294,"SGPC-08,SGPC-11,SGPC-05",
1583,SGLP-0295,"SGPC-08,SGPC-11,SGPC-05",
1584,SGLP-0296,SGPC-05,
1585,SGLP-0297,SGPC-05,
1586,SGLP-0298,"SGPC-08,SGPC-11,SGPC-05",
1587,SGLP-0299,SGPC-05,
1588,SGLP-0300,SGPC-05,
1589,SGLP-0301,SGPC-05,
1590,SGLP-0302,"SGPC-08,SGPC-11,SGPC-05",
1591,SGLP-0303,"SGPC-08,SGPC-11,SGPC-05",
1592,SGLP-0304,"SGPC-08,SGPC-11,SGPC-05",
1593,SGLP-0305,"SGPC-08,SGPC-11,SGPC-05",
1594,SGLP-0306,SGPC-05,
1595,SGLP-0307,SGPC-05,
1596,SGLP-0308,SGPC-05,
1597,SGLP-0309,"SGPC-08,SGPC-11,SGPC-05",
1598,SGLP-0310,SGPC-05,
1599,SGLP-0311,"SGPC-08,SGPC-11,SGPC-05",
1600,SGLP-0312,SGPC-05,
1601,SGLP-0313,SGPC-05,
1602,SGLP-0314,"SGPC-08,SGPC-11,SGPC-05",
1603,SGLP-0315,"SGPC-08,SGPC-11,SGPC-05",
1604,SGLP-0316,"SGPC-08,SGPC-11,SGPC-05",
1605,SGLP-0317,"SGPC-08,SGPC-11,SGPC-05",
1606,SGLP-0318,"SGPC-08,SGPC-11,SGPC-05",
1607,SGLP-0319,"SGPC-08,SGPC-11,SGPC-05",
1608,SGLP-0320,"SGPC-08,SGPC-11,SGPC-05",
1609,SGLP-0321,"SGPC-08,SGPC-11,SGPC-05",
1610,SGLP-0322,SGPC-05,
1611,SGLP-0323,SGPC-05,
1612,SGLP-0324,SGPC-05,
1613,SGLP-0325,SGPC-05,
1614,SGLP-0326,"SGPC-08,SGPC-11,SGPC-05",
1615,SGLP-0327,SGPC-05,
1616,SGLP-0328,SGPC-05,
1617,SGLP-0329,SGPC-05,
1618,SGLP-0330,"SGPC-08,SGPC-11,SGPC-05",
1619,SGLP-0331,SGPC-05,
1620,SGLP-0332,"SGPC-08,SGPC-11,SGPC-05",
1621,SGLP-0333,SGPC-05,
1622,SGLP-0334,"SGPC-07,SGPC-12",
1623,SGLP-0335,"SGPC-07,SGPC-12",
1624,SGLP-0336,"SGPC-07,SGPC-12",
1625,SGLP-0337,"SGPC-07,SGPC-12",
1626,SGLP-0338,"SGPC-07,SGPC-12",
1627,SGLP-0339,"SGPC-07,SGPC-12",
1628,SGLP-0340,"SGPC-07,SGPC-12",
1629,SGLP-0341,"SGPC-07,SGPC-12",
1630,SGLP-0342,"SGPC-07,SGPC-12",
1631,SGLP-0343,"SGPC-07,SGPC-12",
1632,SGLP-0344,"SGPC-07,SGPC-12",
1633,SGLP-0345,"SGPC-07,SGPC-12",
1634,SGLP-0346,"SGPC-07,SGPC-12",
1635,SGLP-0347,SGPC-07,
1636,SGLP-0348,SGPC-07,
1637,SGLP-0349,SGPC-07,
1638,SGLP-0350,SGPC-07,
1639,SGLP-0351,SGPC-07,
1640,SGLP-0352,SGPC-07,
1641,SGLP-0353,SGPC-07,
1642,SGLP-0354,SGPC-07,
1643,SGLP-0356,SGPC-06,
1644,SGLP-0357,SGPC-06,
1645,SGLP-0358,SGPC-06,
1646,SGLP-0359,SGPC-06,
1647,SGLP-0360,SGPC-06,
1648,SGLP-0361,,
1649,SGLP-0362,SGPC-07,
1650,SGLP-0363,SGPC-07,
1651,SGLP-0364,SGPC-07,
1652,SGLP-0365,SGPC-07,
1653,SGLP-0366,SGPC-07,
1654,SGLP-0367,SGPC-07,
1655,SGLP-0368,SGPC-07,
1656,SGLP-0369,SGPC-07,
1657,SGLP-0370,SGPC-07,
1658,SGLP-0371,SGPC-07,
1659,SGLP-0372,SGPC-07,
1660,SGLP-0373,SGPC-07,
1661,SGLP-0374,SGPC-07,
1662,SGLP-0375,SGPC-07,
1663,SGLP-0376,SGPC-07,
1664,SGLP-0377,SGPC-07,
1665,SGLP-0378,SGPC-07,
1666,SGLP-0379,SGPC-07,
1667,SGLP-0380,"SGPC-07,SGPC-16",
1668,SGLP-0381,SGPC-09,
1669,SGLP-0382,SGPC-09,
1670,SGLP-0383,"SGPC-09,SGPC-11",
1671,SGLP-0384,SGPC-09,
1672,SGLP-0385,SGPC-16,
1673,SGLP-0386,SGPC-09,
1674,SGLP-0387,SGPC-16,
1675,SGLP-0388,SGPC-09,
1676,SGLP-0389,SGPC-09,
1677,SGLP-0390,SGPC-09,
1678,SGLP-0391,SGPC-09,
1679,SGLP-0392,SGPC-09,
1680,SGLP-0393,SGPC-09,
1681,SGLP-0394,SGPC-09,
1682,SGLP-0395,SGPC-09,
1683,SGLP-0396,SGPC-09,
1684,SGLP-0397,SGPC-09,
1685,SGLP-0398,SGPC-09,
1686,SGLP-0399,SGPC-09,
1687,SGLP-0400,SGPC-09,
1688,SGLP-0401,SGPC-09,
1689,SGLP-0402,SGPC-09,
1690,SGLP-0403,SGPC-09,
1691,SGLP-0404,SGPC-08,
1692,SGLP-0405,SGPC-08,
1693,SGLP-0406,SGPC-08,
1694,SGLP-0407,SGPC-08,
1695,SGLP-0408,SGPC-08,
1696,SGLP-0409,SGPC-08,
1697,SGLP-0410,SGPC-08,
1698,SGLP-0411,SGPC-08,
1699,SGLP-0412,SGPC-08,
1700,SGLP-0413,"SGPC-10,SGPC-13",
1701,SGLP-0414,"SGPC-10,SGPC-13",
1702,SGLP-0415,"SGPC-10,SGPC-13",
1703,SGLP-0416,"SGPC-10,SGPC-13",
1704,SGLP-0417,"SGPC-10,SGPC-13",
1705,SGLP-0418,"SGPC-10,SGPC-13",
1706,SGLP-0419,,
1707,SGLP-0420,"SGPC-10,SGPC-13",
1708,SGLP-0421,"SGPC-10,SGPC-13",
1709,SGLP-0422,"SGPC-10,SGPC-13",
1710,SGLP-0423,"SGPC-10,SGPC-13",
1711,SGLP-0424,"SGPC-10,SGPC-13",
1712,SGLP-0425,"SGPC-10,SGPC-13",
1713,SGLP-0426,"SGPC-10,SGPC-13",
1714,SGLP-0427,"SGPC-10,SGPC-13",
1715,SGLP-0429,"SGPC-10,SGPC-13",
1716,SGLP-0430,"SGPC-10,SGPC-13",
1717,SGLP-0431,"SGPC-10,SGPC-13",
1718,SGLP-0432,"SGPC-10,SGPC-13",
1719,SGLP-0433,"SGPC-10,SGPC-13",
1720,SGLP-0434,"SGPC-10,SGPC-13",
1721,SGLP-0435,,
1722,SGLP-0436,"SGPC-10,SGPC-13",
1723,SGLP-0437,"SGPC-10,SGPC-13",
1724,SGLP-0438,"SGPC-10,SGPC-13",
1725,SGLP-0439,"SGPC-10,SGPC-13",
1726,SGLP-0440,"SGPC-10,SGPC-13",
1727,SGLP-0441,"SGPC-10,SGPC-13",
1728,SGLP-0442,"SGPC-10,SGPC-13",
1729,SGLP-0443,"SGPC-10,SGPC-13",
1730,SGLP-0444,"SGPC-10,SGPC-13",
1731,SGLP-0445,"SGPC-10,SGPC-13",
1732,SGLP-0446,"SGPC-10,SGPC-13",
1733,SGLP-0447,"SGPC-10,SGPC-13",
1734,SGLP-0448,"SGPC-10,SGPC-13",
1735,SGLP-0449,"SGPC-10,SGPC-13",
1736,SGLP-0450,"SGPC-10,SGPC-12",
1737,SGLP-0451,"SGPC-10,SGPC-12",
1738,SGLP-0453,"SGPC-10,SGPC-12",
1739,SGLP-0454,"SGPC-10,SGPC-12",
1740,SGLP-0455,"SGPC-10,SGPC-13",
1741,SGLP-0456,"SGPC-10,SGPC-13",
1742,SGLP-0457,"SGPC-10,SGPC-13",
1743,SGLP-0458,SGPC-10,
1744,SGLP-0459,SGPC-10,
1745,SGLP-0460,"SGPC-10,SGPC-13",
1746,SGLP-0461,"SGPC-10,SGPC-13",
1747,SGLP-0462,"SGPC-10,SGPC-13",
1748,SGLP-0463,"SGPC-10,SGPC-13",
1749,SGLP-0464,"SGPC-10,SGPC-13",
1750,SGLP-0465,"SGPC-10,SGPC-13",
1751,SGLP-0466,"SGPC-10,SGPC-13",
1752,SGLP-0467,"SGPC-10,SGPC-13",
1753,SGLP-0468,"SGPC-10,SGPC-13",
1754,SGLP-0469,"SGPC-10,SGPC-13",
1755,SGLP-0470,"SGPC-10,SGPC-13",
1756,SGLP-0471,SGPC-10,
1757,SGLP-0472,,
1758,SGLP-0473,"SGPC-10,SGPC-13",
1759,SGLP-0474,SGPC-10,
1760,SGLP-0475,"SGPC-10,SGPC-13",
1761,SGLP-0476,,
1762,SGLP-0477,"SGPC-10,SGPC-13",
1763,SGLP-0478,SGPC-10,
1764,SGLP-0479,"SGPC-10,SGPC-11,SGPC-13",
1765,SGLP-0480,"SGPC-10,SGPC-11",
1766,SGLP-0481,"SGPC-10,SGPC-11,SGPC-13",
1767,SGLP-0482,"SGPC-10,SGPC-11,SGPC-13",
1768,SGLP-0483,,
1769,SGLP-0484,"SGPC-10,SGPC-11,SGPC-13",
1770,SGLP-0485,"SGPC-10,SGPC-11,SGPC-13",
1771,SGLP-0486,"SGPC-10,SGPC-13",
1772,SGLP-0487,"SGPC-10,SGPC-13",
1773,SGLP-0488,"SGPC-10,SGPC-13",
1774,SGLP-0489,"SGPC-10,SGPC-14",
1775,SGLP-0490,"SGPC-10,SGPC-13,SGPC-14",
1776,SGLP-0491,"SGPC-10,SGPC-13",
1777,SGLP-0492,SGPC-10,
1778,SGLP-0493,SGPC-10,
1779,SGLP-0494,,
1780,SGLP-0495,SGPC-10,
1781,SGLP-0496,"SGPC-10,SGPC-13",
1782,SGLP-0497,"SGPC-10,SGPC-13",
1783,SGLP-0498,"SGPC-10,SGPC-13",
1784,SGLP-0499,"SGPC-10,SGPC-13",
1785,SGLP-0500,SGPC-15,
1786,SGLP-0501,SGPC-15,
1787,SGLP-0502,SGPC-15,
1788,SGLP-0503,SGPC-15,
1789,SGLP-0504,SGPC-15,
1790,SGLP-0505,SGPC-15,
1791,SGLP-0506,SGPC-15,
1792,SGLP-0507,SGPC-15,
1793,SGLP-0508,SGPC-15,
1794,SGLP-0509,SGPC-15,
1795,SGLP-0510,SGPC-15,
1796,SGLP-0511,SGPC-15,
1797,SGLP-0512,SGPC-15,
1798,SGLP-0513,SGPC-15,
1799,SGLP-0514,SGPC-15,
1800,SGLP-0515,SGPC-15,
1801,SGLP-0516,SGPC-15,
1802,SGLP-0517,SGPC-15,
1803,SGLP-0518,SGPC-15,
1804,SGLP-0519,SGPC-15,
1805,SGLP-0520,SGPC-15,
1806,SGLP-0521,SGPC-15,
1807,SGLP-0522,SGPC-15,
1808,SGLP-0523,SGPC-15,
1809,SGLP-0524,SGPC-15,
1810,SGLP-0525,SGPC-15,
1811,SGLP-0526,SGPC-15,
1812,SGLP-0527,SGPC-15,
1813,SGLP-0528,SGPC-15,
1814,SGLP-0529,SGPC-15,
1815,SGLP-0530,SGPC-15,
1816,SGLP-0531,SGPC-15,
1817,SGLP-0532,SGPC-15,
1818,SGLP-0533,SGPC-15,
1819,SGLP-0534,SGPC-15,
1820,SGLP-0535,SGPC-15,
1821,SGLP-0536,SGPC-15,
1822,SGLP-0537,SGPC-15,
1823,SGLP-0538,SGPC-15,
1824,SGLP-0539,SGPC-15,
1825,SGLP-0540,SGPC-15,
1826,SGLP-0541,SGPC-15,
1827,SGLP-0542,SGPC-15,
1828,SGLP-0543,SGPC-15,
1829,SGLP-0544,SGPC-15,
1830,SGLP-0545,SGPC-15,
1831,SGLP-0546,SGPC-15,
1832,SGLP-0547,SGPC-15,
1833,SGLP-0548,SGPC-15,
1834,SGLP-0549,SGPC-15,
1835,SGLP-0550,SGPC-15,
1836,SGLP-0551,,
1837,SGLP-0552,SGPC-15,
1838,SGLP-0553,SGPC-15,
1839,SGLP-0554,SGPC-15,
1840,SGLP-0555,SGPC-15,
1841,SGLP-0556,SGPC-15,
1842,SGLP-0557,SGPC-15,
1843,SGLP-0558,SGPC-15,
1844,SGLP-0559,SGPC-15,
1845,SGLP-0560,SGPC-15,
1846,SGLP-0561,SGPC-15,
1847,SGLP-0562,SGPC-15,
1848,SGLP-0563,SGPC-15,
1849,SGLP-0564,SGPC-15,
1850,SGLP-0565,SGPC-15,
1851,SGLP-0566,SGPC-15,
1852,SGLP-0567,SGPC-15,
1853,SGLP-0568,SGPC-15,
1854,SGLP-0569,SGPC-15,
1855,SGLP-0570,SGPC-15,
1856,SGLP-0571,SGPC-15,
1857,SGLP-0572,SGPC-15,
1858,SGLP-0573,SGPC-15,
1859,SGLP-0574,SGPC-15,
1860,SGLP-0575,SGPC-15,
1861,SGLP-0576,SGPC-14,
1862,SGLP-0577,SGPC-14,
1863,SGLP-0578,SGPC-14,
1864,SGLP-0579,SGPC-14,
1865,SGLP-0580,SGPC-14,
1866,SGLP-0581,SGPC-14,
1867,SGLP-0582,SGPC-14,
1868,SGLP-0583,SGPC-16,
1869,SGLP-0584,SGPC-16,
1870,SGLP-0585,SGPC-16,
1871,SGLP-0586,SGPC-16,
1872,SGLP-0587,SGPC-16,
1873,SGLP-0588,SGPC-16,
1874,SGLP-0589,SGPC-16,
1875,SGLP-0590,SGPC-16,
1876,SGLP-0591,SGPC-16,
1877,SGLP-0592,SGPC-16,
1878,SGLP-0593,SGPC-16,
1879,SGLP-0594,SGPC-16,
1880,SGLP-0595,SGPC-16,
1881,SGLP-0596,SGPC-16,
1882,SGLP-0597,SGPC-16,
1883,SGLP-0598,SGPC-16,
1884,SGLP-0599,SGPC-16,
1885,SGLP-0600,SGPC-14,
1886,SGLP-0601,SGPC-14,
1887,SGLP-0602,SGPC-14,
1888,SGLP-0603,SGPC-14,
1889,SGLP-0604,SGPC-14,
1890,SGLP-0605,SGPC-14,
1891,SGLP-0606,SGPC-14,
1892,SGLP-0607,SGPC-14,
1893,SGLP-0608,SGPC-16,
1894,SGLP-0609,SGPC-16,
1895,SGLP-0610,SGPC-16,
1896,SGLP-0611,SGPC-16,
1897,SGLP-0612,SGPC-16,
1898,SGLP-0613,SGPC-16,
1899,SGLP-0614,SGPC-16,
1900,SGLP-0615,SGPC-16,
1901,SGLP-0616,SGPC-16,
1902,SGLP-0617,SGPC-16,
1903,SGLP-0618,SGPC-16,
1904,SGLP-0619,SGPC-16,
1905,SGLP-0620,SGPC-16,
1906,SGLP-0621,SGPC-16,
1907,SGLP-0622,SGPC-16,
1908,SGLP-0623,SGPC-16,
1909,SGLP-0624,SGPC-16,
1910,SGLP-0625,SGPC-16,
1911,SGLP-0626,SGPC-16,
1912,SGLP-0627,SGPC-16,
1913,SGLP-0628,SGPC-16,
1914,SGLP-0629,SGPC-16,
1915,SGLP-0630,SGPC-16,
1916,SGLP-0631,SGPC-16,
1917,SGLP-0632,SGPC-16,
1918,SGLP-0633,SGPC-16,
1919,SGLP-0634,SGPC-16,
1920,SGLP-0635,SGPC-16,
1921,SGLP-0636,SGPC-16,
1922,SGLP-0637,SGPC-16,
1923,SGLP-0638,SGPC-16,
1924,SGLP-0639,SGPC-16,
1925,SGLP-0640,SGPC-16,
1926,SGLP-0641,SGPC-16,
1927,SGLP-0642,SGPC-16,
1928,SGLP-0643,SGPC-16,
1929,SGLP-0644,SGPC-16,
1930,SGLP-0645,SGPC-16,
1931,SGLP-0646,SGPC-16,
1932,SGLP-0647,SGPC-16,
1933,SGLP-0648,SGPC-16,
1934,SGLP-0649,SGPC-16,
1935,SGLP-0650,SGPC-16,
1936,SGLP-0651,SGPC-16,
1937,SGLP-0652,SGPC-16,
1938,SGLP-0653,SGPC-16,
1939,SGLP-0654,SGPC-16,
1940,SGLP-0655,SGPC-16,
1941,SGLP-0656,SGPC-16,
1942,SGLP-0657,SGPC-16,
1943,SGLP-0658,SGPC-16,
1944,SGLP-0659,SGPC-16,
1945,SGLP-0660,SGPC-16,
1946,SGLP-0661,SGPC-16,
1947,SGLP-0662,SGPC-17,
1948,SGLP-0663,SGPC-17,
1949,SGLP-0664,SGPC-17,
1950,SGLP-0665,SGPC-17,
1951,SGLP-0666,SGPC-17,
1952,SGLP-0667,SGPC-17,
1953,SGLP-0668,SGPC-17,
1954,SGLP-0669,SGPC-17,
1955,SGLP-0670,SGPC-17,
1956,SGLP-0671,SGPC-17,
1957,SGLP-0672,SGPC-17,
1958,SGLP-0673,SGPC-17,
1959,SGLP-0674,SGPC-17,
1960,SGLP-0675,SGPC-17,
1961,SGLP-0676,SGPC-17,
1962,SGLP-0677,SGPC-17,
1963,SGLP-0678,SGPC-17,
1964,SGLP-0679,SGPC-17,
1965,SGLP-0680,SGPC-17,
1966,SGLP-0681,SGPC-17,
1967,SGLP-0682,SGPC-17,
1968,SGLP-0683,SGPC-17,
1969,SGLP-0684,SGPC-17,
1970,SGLP-0685,SGPC-17,
1971,SGLP-0686,SGPC-17,
1972,SGLP-0687,SGPC-17,
1973,SGLP-0688,SGPC-17,
1974,SGLP-0689,SGPC-17,
1975,SGLP-0690,SGPC-17,
1976,SGLP-0691,SGPC-17,
1977,SGLP-0692,SGPC-17,
1978,SGLP-0693,SGPC-17,
1979,SGLP-0694,SGPC-17,
1980,SGLP-0695,SGPC-17,
1981,SGLP-0696,SGPC-17,
1982,SGLP-0697,SGPC-17,
1983,SGLP-0698,SGPC-17,
1984,SGLP-0699,SGPC-17,
1985,SGLP-0700,SGPC-17,
1986,SGLP-0701,SGPC-17,
1987,SGLP-0702,SGPC-17,
1988,SGLP-0703,SGPC-17,
1989,SGLP-0704,SGPC-17,
1990,SGLP-0705,SGPC-17,
1991,SGLP-0706,SGPC-17,
1992,SGLP-0707,SGPC-17,
1993,SGLP-0708,SGPC-17,
1994,SGLP-0709,SGPC-17,
1995,SGLP-0710,SGPC-17,
1996,SGLP-0711,SGPC-17,
1997,SGLP-0712,SGPC-17,
1998,SGLP-0713,SGPC-17,
1999,SGLP-0714,SGPC-17,
2000,SGLP-0715,SGPC-17,
2001,SGLP-0716,SGPC-17,
2002,SGLP-0717,SGPC-17,
2003,SGLP-0718,SGPC-17,
2004,SGLP-0719,SGPC-17,
2005,SGLP-0720,SGPC-17,
2006,SGLP-0721,SGPC-17,
2007,SGLP-0722,SGPC-17,
2008,SGLP-0723,SGPC-17,
2009,SGLP-0724,SGPC-17,
2010,SGLP-0725,SGPC-17,
2011,SGLP-0726,SGPC-17,
2012,SGLP-0727,SGPC-17,
2013,SGLP-0728,SGPC-17,
2014,SGLP-0729,SGPC-17,
2015,SGLP-0730,SGPC-17,
2016,SGLP-0731,SGPC-17,
2017,SGLP-0732,SGPC-17,
2018,SGLP-0733,SGPC-17,
2019,SGLP-0734,SGPC-17,
2020,SGLP-0735,SGPC-17,
2021,SGLP-0736,SGPC-17,
2022,SGLP-0737,SGPC-17,
2023,SGLP-0738,SGPC-17,
2024,SGLP-0739,SGPC-17,
2025,SGLP-0740,SGPC-17,
2026,SGLP-0741,SGPC-17,
2027,SGLP-0742,SGPC-17,
2028,SGLP-0743,SGPC-17,
2029,SGLP-0744,SGPC-17,
2030,SGLP-0745,SGPC-17,
2031,SGLP-0746,SGPC-17,
2032,SGLP-0747,SGPC-17,
2033,SGLP-0748,SGPC-17,
2034,SGLP-0749,SGPC-17,
2035,SGLP-0750,SGPC-17,
2036,SGLP-0751,SGPC-17,
2037,SGLP-0752,SGPC-17,
2038,SGLP-0753,SGPC-17,
2039,SGLP-0754,SGPC-17,
2040,SGLP-0755,SGPC-17,
2041,SGLP-0756,SGPC-17,
2042,SGLP-0757,SGPC-17,
2043,SGLP-0758,SGPC-17,
2044,SGLP-0759,SGPC-17,
2045,SGLP-0760,SGPC-17,
2046,SGLP-0761,SGPC-17,
2047,SGLP-0762,SGPC-17,
2048,SGLP-0763,SGPC-17,
2049,SGLP-0764,SGPC-17,
2050,SGLP-0765,SGPC-17,
2051,SGLP-0766,SGPC-17,
2052,SGLP-0767,SGPC-17,
2053,SGLP-0768,SGPC-17,
2054,SGLP-0769,SGPC-17,
2055,SGLP-0770,SGPC-17,
2056,SGLP-0771,SGPC-17,
2057,SGLP-0772,SGPC-17,
2058,SGLP-0773,SGPC-17,
2059,SGLP-0774,SGPC-18,
2060,SGLP-0775,SGPC-18,
2061,SGLP-0776,SGPC-18,
2062,SGLP-0777,SGPC-18,
2063,SGLP-0778,SGPC-18,
2064,SGLP-0779,SGPC-18,
2065,SGLP-0780,SGPC-18,
2066,SGLP-0781,SGPC-18,
2067,SGLP-0782,SGPC-18,
2068,SGLP-0783,SGPC-18,
2069,SGLP-0784,SGPC-18,
2070,SGLP-0785,SGPC-18,
2071,SGLP-0786,SGPC-18,
2072,SGLP-0787,SGPC-18,
2073,SGLP-0788,SGPC-18,
2074,SGLP-0789,SGPC-18,
2075,SGLP-0790,SGPC-18,
2076,SGLP-0791,SGPC-18,
2077,SGLP-0792,SGPC-18,
2078,SGLP-0793,SGPC-18,
2079,SGLP-0794,SGPC-18,
2080,SGLP-0795,SGPC-18,
2081,SGLP-0796,SGPC-18,
2082,SGLP-0797,SGPC-18,
2083,SGLP-0798,SGPC-18,
2084,SGLP-0799,SGPC-18,
2085,SGLP-0800,SGPC-18,
2086,SGLP-0801,SGPC-18,
2087,SGLP-0802,SGPC-18,
2088,SGLP-0803,SGPC-19,
2089,SGLP-0804,SGPC-19,
2090,SGLP-0805,SGPC-19,
2091,SGLP-0806,SGPC-21,
2092,SGLP-0807,SGPC-21,
2093,SGLP-0808,SGPC-21,
2094,SGLP-0809,SGPC-21,
2095,SGLP-0810,SGPC-21,
2096,SGLP-0811,SGPC-21,
2097,SGLP-0812,SGPC-21,
2098,SGLP-0813,SGPC-21,
2099,SGLP-0814,SGPC-21,
2100,SGLP-0815,SGPC-21,
2101,SGLP-0816,SGPC-21,
2102,SGLP-0817,SGPC-21,
2103,SGLP-0818,SGPC-21,
2104,SGLP-0819,SGPC-21,
2105,SGLP-0820,SGPC-21,
2106,SGLP-0821,SGPC-21,
2107,SGLP-0822,SGPC-21,
2108,SGLP-0823,SGPC-21,
2109,SGLP-0824,SGPC-21,
2110,SGLP-0825,SGPC-21,
2111,SGLP-0826,SGPC-21,
2112,SGLP-0827,SGPC-21,
2113,SGLP-0828,SGPC-21,
2114,SGLP-0829,SGPC-21,
2115,SGLP-0830,SGPC-21,
2116,SGLP-0831,SGPC-21,
2117,SGLP-0832,SGPC-21,
2118,SGLP-0833,SGPC-21,
2119,SGLP-0834,SGPC-21,
2120,SGLP-0835,SGPC-21,
2121,SGLP-0836,SGPC-21,
2122,SGLP-0837,SGPC-21,
2123,SGLP-0838,SGPC-21,
2124,SGLP-0839,SGPC-21,
2125,SGLP-0840,SGPC-21,
2126,SGLP-0841,SGPC-21,
2127,SGLP-0842,SGPC-21,
2128,SGLP-0843,SGPC-21,
2129,SGLP-0844,SGPC-21,
2130,SGLP-0845,SGPC-21,
2131,SGLP-0846,SGPC-21,
2132,SGLP-0847,SGPC-21,
2133,SGLP-0848,SGPC-21,
2134,SGLP-0849,SGPC-21,
2135,SGLP-0850,SGPC-21,
2136,SGLP-0851,SGPC-21,
2137,SGLP-0852,SGPC-21,
2138,SGLP-0853,SGPC-21,
2139,SGLP-0854,SGPC-21,
2140,SGLP-0855,SGPC-21,
2141,SGLP-0856,SGPC-21,
2142,SGLP-0857,SGPC-21,
2143,SGLP-0858,SGPC-21,
2144,SGLP-0859,SGPC-21,
2145,SGLP-0860,SGPC-21,
2146,SGLP-0861,SGPC-21,
2147,SGLP-0862,SGPC-21,
2148,SGLP-0863,SGPC-21,
2149,SGLP-0864,SGPC-21,
2150,SKMEL28-1,SKMEL_CL,
2151,SKMEL28-2,SKMEL_CL,
2152,SKMEL28-3,SKMEL_CL,
2153,SKMEL5-1,SKMEL_CL,
2154,SKMEL5-2,SKMEL_CL,
2155,SKMEL5-3,SKMEL_CL,
2156,Sk-Mel-23,,
2157,T12-19187A,BB2_CL,
2158,T12_12366,BB2_CL,
2159,T12_12467,BB2_CL,
2160,T12_12470D,BB2_CL,
2161,T12_12626,BB2_CL,
2162,T12_12647,BB2_CL,
2163,T12_12750B,BB2_CL,
2164,T12_13152_Tumor,BB2_CL,
2165,T12_13587_B2,BB2_CL,
2166,T12_13587_B2_0_25ug,BB2_CL,
2167,T12_13587_B2_0_5ug,BB2_CL,
2168,T12_13587_B2_0_75ug,BB2_CL,
2169,T12_18438A,BB2_CL,
2170,T12_19596,BB2_CL,
2171,T12_21726A_Tumor,BB2_CL,
2172,T12_22172_Norm,BB2_CL,
2173,T12_22172_Tumor,BB2_CL,
2174,T12_22573,BB3_CL,
2175,T12_22582A,BB3_CL,
2176,T12_22587,BB3_CL,
2177,T12_22592,BB3_CL,
2178,T12_22597_1000ng,BB3_CL,
2179,T12_22597_100ng,BB3_CL,
2180,T12_22597_250ng,BB3_CL,
2181,T12_22597_500ng,BB3_CL,
2182,T12_22597_700ng,BB3_CL,
2183,T12_22602A,BB3_CL,
2184,T12_22602B,BB3_CL,
2185,T12_22603,BB3_CL,
2186,T12_22604,BB3_CL,
2187,T12_22720A1,BB3_CL,
2188,T12_22868,BB3_CL,
2189,T12_22884C,BB3_CL,
2190,T12_22884D,BB3_CL,
2191,T12_22886,BB3_CL,
2192,T12_22894B,BB3_CL,
2193,T12_22898,BB3_CL,
2194,T12_22900,BB3_CL,
2195,T12_22901A_Norm,BB2_CL,
2196,T12_22901A_Tumor,BB2_CL,
2197,T12_562,BB2_CL,
2198,T12_6261A,BB2_CL,
2199,T12_6261B,BB2_CL,
2200,TEST_24-1,,
2201,TEST_24-2,,
2202,TEST_24-3,,
2203,U5LP-01,UCSF500-01,
2204,U5LP-02,UCSF500-01,
2205,U5LP-03,UCSF500-01,
2206,U5LP-04,UCSF500-01,
2207,U5LP-05,UCSF500-01,
2208,U5LP-06,UCSF500-01,
2209,U5LP-08,UCSF500-01,
2210,U5LP-09,UCSF500-01,
2211,U5LP-10,UCSF500-01,
2212,U5LP-11,UCSF500-01,
2213,U5LP-12,UCSF500-01,
2214,U5LP-13,UCSF500-01,
2215,UM38-Normal,BB86_CL,
2216,UM38-Tumor,BB86_CL,
2217,UM_1,,
2218,UM_2,,
2219,VMRLP-101,KAPAEX-06,
2220,VMRLP-102,KAPAEX-06,
2221,VMRLP-103,KAPAEX-06,
2222,VMRLP-104,KAPAEX-07,
2223,VMRLP-105,KAPAEX-07,
2224,VMRLP-106,KAPAEX-07,
2225,VMRLP-41,CAPTURE 01,
2226,VMRLP-42,CAPTURE 01,
2227,VMRLP-43,CAPTURE 01,
2228,VMRLP-44,CAPTURE 02,
2229,VMRLP-45,CAPTURE 02,
2230,VMRLP-46,CAPTURE 02,
2231,VMRLP-47,CAPTURE 03,
2232,VMRLP-48,CAPTURE 03,
2233,VMRLP-49,CAPTURE 03,
2234,VMRLP-50,CAPTURE 04,
2235,VMRLP-51,CAPTURE 04,
2236,VMRLP-52,CAPTURE 04,
2237,VMRLP-53,CAPTURE 05,
2238,VMRLP-54,CAPTURE 05,
2239,VMRLP-55,CAPTURE 05,
2240,VMRLP-56,CAPTURE 06,
2241,VMRLP-59,CAPTURE 06,
2242,VMRLP-60,CAPTURE 06,
2243,VMRLP-61,CAPTURE 07,
2244,VMRLP-62,CAPTURE 07,
2245,VMRLP-63,CAPTURE 07,
2246,VS-01,10X_01,
2247,VS-02,10X_01,
2248,VS-03,10X_01,
2249,VS-04,10X_01,
2250,VS-05,10X_02,
2251,VS-06,10X_02,
2252,VS-07,10X_02,
2253,VS-08,10X_02,
2254,XD-1-1-Tumor,BB73_CL,
2255,XuRLP-001,XuCL-1,
2256,XuRLP-002,XuCL-1,
2257,XuRLP-003,XuCL-1,
2258,XuRLP-004,XuCL-1,
2259,XuRLP-005,XuCL-2,
2260,XuRLP-006,XuCL-2,
2261,XuRLP-007,XuCL-2,
2262,XuRLP-008,XuCL-2,
2263,XuRLP-009,XuCL-3,
2264,XuRLP-010,XuCL-3,
2265,XuRLP-011,XuCL-3,
2266,XuRLP-012,XuCL-3,
2267,XuRLP-013,XuCL-4,
2268,XuRLP-014,XuCL-4,
2269,XuRLP-015,XuCL-4,
2270,XuRLP-016,XuCL-4,
2271,XuRLP-017,XuCL-5,
2272,XuRLP-018,XuCL-5,
2273,XuRLP-019,XuCL-5,
2274,XuRLP-020,XuCL-5,
2275,XuRLP-021,XuCL-6,
2276,XuRLP-022,XuCL-6,
2277,XuRLP-023,XuCL-6,
2278,XuRLP-024,XuCL-6,
2279,XuRLP-025,XuCL-7,
2280,XuRLP-026,XuCL-7,
2281,XuRLP-027,XuCL-7,
2282,XuRLP-028,XuCL-7,
2283,XuRLP-029,XuCL-8,
2284,XuRLP-030,XuCL-8,
2285,XuRLP-031,XuCL-8,
2286,XuRLP-032,XuCL-8,
2287,XuRLP-033,XuCL-9,
2288,XuRLP-034,XuCL-9,
2289,XuRLP-035,XuCL-9,
2290,XuRLP-036,XuCL-9,
2291,XuRLP-037,XuCL-10,
2292,XuRLP-038,XuCL-10,
2293,XuRLP-039,XuCL-10,
2294,XuRLP-040,XuCL-10,
2295,XuRLP-041,XuCL-11,
2296,XuRLP-042,XuCL-11,
2297,XuRLP-043,XuCL-11,
2298,XuRLP-044,XuCL-11,
2299,XuRLP-045,XuCL-12,
2300,XuRLP-046,XuCL-12,
2301,XuRLP-047,XuCL-12,
2302,XuRLP-048,XuCL-12,
2303,XuRLP-049,XuCL-13,
2304,XuRLP-050,XuCL-13,
2305,XuRLP-051,XuCL-13,
2306,XuRLP-052,XuCL-13,
2307,XuRLP-053,XuCL-14,
2308,XuRLP-054,XuCL-14,
2309,XuRLP-055,XuCL-14,
2310,XuRLP-056,XuCL-14,
2311,XuRLP-057,XuCL-15,
2312,XuRLP-058,XuCL-15,
2313,XuRLP-059,XuCL-15,
2314,XuRLP-060,XuCL-15,
2315,XuRLP-061,XuCL-16,
2316,XuRLP-062,XuCL-16,
2317,XuRLP-063,XuCL-16,
2318,XuRLP-064,XuCL-16,